层号,材料,物理厚度_nm,变量
1,"Ta2O5 薄膜（Rodríguez-de Marcos 2016）",57.331785818887838,True
2,"SiO2 薄膜（Rodríguez-de Marcos 2016）",103.66563455608829,True
3,"Ta2O5 薄膜（Rodríguez-de Marcos 2016）",63.386566324123123,True
4,"SiO2 薄膜（Rodríguez-de Marcos 2016）",100.98517114083762,True
5,"Ta2O5 薄膜（Rodríguez-de Marcos 2016）",63.94147567013426,True
6,"SiO2 薄膜（Rodríguez-de Marcos 2016）",100.06686107960479,True
7,"Ta2O5 薄膜（Rodríguez-de Marcos 2016）",63.654204382621039,True
8,"SiO2 薄膜（Rodríguez-de Marcos 2016）",99.754017213127824,True
9,"Ta2O5 薄膜（Rodríguez-de Marcos 2016）",63.078538816623279,True
10,"SiO2 薄膜（Rodríguez-de Marcos 2016）",99.739859166220384,True
11,"Ta2O5 薄膜（Rodríguez-de Marcos 2016）",62.507596623961859,True
12,"SiO2 薄膜（Rodríguez-de Marcos 2016）",99.741381558541974,True
13,"Ta2O5 薄膜（Rodríguez-de Marcos 2016）",62.155040694101672,True
14,"SiO2 薄膜（Rodríguez-de Marcos 2016）",99.155788552996938,True
15,"Ta2O5 薄膜（Rodríguez-de Marcos 2016）",62.114968715831054,True
16,"SiO2 薄膜（Rodríguez-de Marcos 2016）",97.710277825472417,True
17,"Ta2O5 薄膜（Rodríguez-de Marcos 2016）",62.511615740469438,True
18,"SiO2 薄膜（Rodríguez-de Marcos 2016）",95.939024804003267,True
19,"Ta2O5 薄膜（Rodríguez-de Marcos 2016）",63.072952755015578,True
20,"SiO2 薄膜（Rodríguez-de Marcos 2016）",94.378931058448927,True
21,"Ta2O5 薄膜（Rodríguez-de Marcos 2016）",63.482572423022603,True
22,"SiO2 薄膜（Rodríguez-de Marcos 2016）",93.141842606264717,True
23,"Ta2O5 薄膜（Rodríguez-de Marcos 2016）",63.429177147872245,True
24,"SiO2 薄膜（Rodríguez-de Marcos 2016）",92.830978858374863,True
