波长_nm,R_fraction,T_fraction,A_fraction,ln_T,OD_raw
520,0.95739782353289116,0.0013979659762554638,0.041204210490853377,-6.572736972909123,2.8545033983359152
520.07500000000005,0.95747880225380344,0.0013888594693645369,0.04113233827683202,-6.5792723942919773,2.8573416957794011
520.14999999999998,0.95755918558473929,0.0013798448812861121,0.041060969533974596,-6.5857841909960602,2.86016973315526
520.22500000000002,0.95763897933170505,0.0013709210908300227,0.040990099577464925,-6.592272435981033,2.8629875421494702
520.29999999999995,0.95771818922917074,0.0013620869930297391,0.040919723777799524,-6.5987372017601995,2.8657951542541591
520.375,0.95779682094112517,0.0013533414988738095,0.040849837560001018,-6.6051785604042097,2.8685926007692126
520.45000000000005,0.95787488006211252,0.0013446835350423222,0.040780436402845156,-6.6115965835447126,2.8713799128038606
520.52499999999998,0.95795237211825013,0.0013361120436483852,0.040711515838101488,-6.6179913423778798,2.8741571212782073
520.60000000000002,0.95802930256823104,0.0013276259819842511,0.040643071449784698,-6.6243629076680088,2.8769242569247964
520.67499999999995,0.9581056768043078,0.0013192243222722108,0.040575098873419979,-6.6307113497510279,2.8796813502901339
520.75,0.95818150015326053,0.0013109060514200689,0.040507593795319402,-6.6370367385379909,2.8824284317362046
520.82500000000005,0.95825677787734975,0.0013026701707811478,0.040440551951869103,-6.6433391435185065,2.8851655314419622
520.89999999999998,0.95833151517525195,0.0012945156959187412,0.040373969128829311,-6.6496186337641188,2.8878926794047968
520.97500000000002,0.95840571718297596,0.0012864416563747301,0.04030784116064931,-6.6558752779317647,2.8906099054420378
521.04999999999995,0.95847926877409262,0.0012784510157736835,0.040242280210133693,-6.6621060777928509,2.8933159074395509
521.125,0.95855228366923162,0.0012705392479947417,0.040177177082773637,-6.6683138639104431,2.896011914695257
521.20000000000005,0.95862477922873002,0.0012627050174863965,0.040112515753783586,-6.6744990199103675,2.8986980938157347
521.27499999999998,0.95869676033692597,0.0012549474086110974,0.040048292254462936,-6.6806616127656149,2.9013744738869853
521.35000000000002,0.9587682318200027,0.001247265518595149,0.039984502661402146,-6.6868017090514646,2.9040410838222845
521.42499999999995,0.9588391984468152,0.0012396584573222047,0.039921143095862595,-6.6929193749484899,2.9066979523634902
521.5,0.95890966492970597,0.0012321253471301783,0.039858209723163847,-6.6990146762457874,2.9093451080824444
521.57500000000005,0.95897963592531199,0.0012246653226119888,0.039795698752076017,-6.705087678344043,2.9119825793823035
521.64999999999998,0.95904911603534904,0.0012172775304198349,0.039733606434231128,-6.7111384462586106,2.9146103944988773
521.72500000000002,0.95911810980738865,0.0012099611290729627,0.039671929063538384,-6.7171670446225864,2.9172285815019632
521.79999999999995,0.95918662173562574,0.0012027152887689073,0.039610662975605351,-6.7231735376898314,2.9198371682966577
521.875,0.95925465626162432,0.0011955391911981489,0.039549804547177533,-6.7291579893379359,2.9224361826246463
521.95000000000005,0.95932221777505966,0.0011884320293621014,0.039489350195578241,-6.7351204630711372,2.9250256520654689
522.02499999999998,0.95938931061444344,0.0011813930073942369,0.039429296378162323,-6.7410610220233025,2.9276056040378151
522.10000000000002,0.95945593906784143,0.001174421340384337,0.039369639591774232,-6.7469797289609303,2.9301760658008296
522.17499999999995,0.95952210737357269,0.0011675162542063035,0.039310376372221012,-6.7528766462857552,2.9327370644552406
522.25,0.95958781972090645,0.0011606769853484322,0.039251503293745112,-6.758751836037824,2.9352886269446987
522.32500000000005,0.95965308025073703,0.0011539027807470736,0.03919301696851589,-6.7646053598982192,2.9378307800569572
522.39999999999998,0.95971789305626165,0.0011471928976230996,0.03913491404611525,-6.7704372791918663,2.9403635504250931
522.47500000000002,0.95978226218363227,0.0011405466033213114,0.039077191213046411,-6.7762476548902653,2.9428869645286926
522.54999999999995,0.95984619163260676,0.0011339631751526216,0.039019845192240624,-6.7820365476142364,2.945401048695043
522.625,0.95990915685328593,0.0011274360640634745,0.0389634070826506,-6.7878091941256828,2.9479080772209425
522.70000000000005,0.95997160049165253,0.0011209694034213964,0.038907430104926019,-6.793561429268709,2.9504062412021685
522.77499999999998,0.96003361731315207,0.0011145635032337353,0.038851819183614196,-6.7992924276375657,2.9528951821695597
522.85000000000002,0.96009521111727658,0.0011082176795050211,0.038796571203218402,-6.8050022483059767,2.9553749257785076
522.92499999999995,0.96015638566048078,0.0011019312574444362,0.038741683082074777,-6.810690950011602,2.9578454975384543
523,0.96021714465676034,0.0010957035713240353,0.038687151771915632,-6.8163585911587354,2.9603069228140622
523.07500000000005,0.96027749177823019,0.0010895339643397541,0.038632974257430119,-6.8220052298206655,2.9627592268262402
523.14999999999998,0.96033743065568977,0.0010834217884745469,0.038579147555835677,-6.8276309237422721,2.9652024346532704
523.22500000000002,0.96039696487918524,0.0010773664043638768,0.038525668716450877,-6.8332357303426097,2.9676365712319321
523.29999999999995,0.96045609799855403,0.0010713671811638076,0.038472534820282164,-6.8388197067172012,2.9700616613584954
523.375,0.96051483352396738,0.0010654234964210612,0.038419742979611558,-6.8443829096405935,2.9724777296898326
523.45000000000005,0.96057317492645977,0.0010595347359454649,0.038367290337594763,-6.8499253955687429,2.9748848007444542
523.52499999999998,0.96063112563845643,0.0010537002936845715,0.038315174067859004,-6.8554472206413868,2.9772828989035385
523.60000000000002,0.96068868905428739,0.001047919571600314,0.038263391374112291,-6.8609484406844974,2.979672048411997
523.67499999999995,0.96074586853069421,0.001042191979547969,0.038211939489757818,-6.8664291112125264,2.9820522733794497
523.75,0.960802667387329,0.0010365169351569978,0.038160815677514004,-6.8718892874307951,2.9844235977812632
523.82500000000005,0.96085908890725036,0.001030893863713992,0.038110017229035648,-6.8773290242377918,2.9867860454595481
523.89999999999998,0.96091513633740144,0.0010253221980476008,0.038059541464550956,-6.8827483762274593,2.9891396401241521
523.97500000000002,0.96097081288909469,0.0010198013784154152,0.038009385732489888,-6.8881473976914407,2.9914844053536362
524.04999999999995,0.96102612173847501,0.0010143308523927999,0.037959547409132183,-6.8935261426212833,2.9938203645962318
524.125,0.96108106602698407,0.0010089100747634745,0.03791002389825246,-6.8988846647107378,2.9961475411708389
524.20000000000005,0.96113564886181779,0.0010035385074120499,0.037860812630770152,-6.904223017357932,2.9984659582679689
524.27499999999998,0.9611898733163724,0.00099821561921840485,0.037811911064409197,-6.9095412536674887,3.000775638950667
524.35000000000002,0.961243742430687,0.00099294088595368855,0.037763316683359312,-6.9148394264527706,3.0030766061554846
524.42499999999995,0.96129725921187825,0.00098771379017824931,0.037715026997943497,-6.92011758823792,3.0053688826933675
524.5,0.96135042663456871,0.00098253382114107946,0.03766703954429021,-6.9253757912600733,3.007652491250616
524.57500000000005,0.96140324764130713,0.0009774004746811232,0.037619351884011741,-6.9306140874713673,3.0099274543897558
524.64999999999998,0.96145572514298794,0.00097231325313007727,0.037571961603881987,-6.9358325285410798,3.0121937945504689
524.72500000000002,0.96150786201925531,0.00096727166521691564,0.037524866315527775,-6.9410311658576429,3.014451534050469
524.79999999999995,0.96155966111891122,0.00096227522597391131,0.037478063655114871,-6.9462100505307278,3.0167006950864028
524.875,0.96161112526030779,0.00095732345664427236,0.03743155128304794,-6.9513692333932484,3.0189412997347254
524.95000000000005,0.96166225723174037,0.00095241588459136291,0.037385326883668267,-6.9565087650032895,3.0211733699525336
525.02499999999998,0.9617130597918353,0.00094755204320925665,0.037339388164955439,-6.9616286956461906,3.0233969275784727
525.10000000000002,0.96176353566992412,0.00094273147183489541,0.037293732858240933,-6.9667290753364703,3.0256119943335729
525.17499999999995,0.96181368756642138,0.00093795371566170996,0.037248358717916909,-6.9718099538197196,3.027818591822069
525.25,0.96186351815319082,0.00093321832565450269,0.037203263521154675,-6.9768713805746394,3.0300167415322878
525.32500000000005,0.96191303007390971,0.00092852485846594472,0.037158445067624342,-6.9819134048148239,3.0322064648374227
525.39999999999998,0.9619622259444246,0.00092387287635424509,0.037113901179221157,-6.9869360754907435,3.0343877829963919
525.47500000000002,0.96201110835310499,0.00091926194710226358,0.037069629699792744,-6.9919394412915921,3.0365607171546438
525.54999999999995,0.96205967986118746,0.00091469164393796136,0.037025628494874584,-6.9969235506471028,3.0387252883449443
525.625,0.96210794300312363,0.00091016154545603281,0.036981895451420332,-7.0018884517294726,3.0408815174882129
525.70000000000005,0.96215590028690867,0.00090567123554096405,0.036938428477550363,-7.0068341924550905,3.0430294253942733
525.77499999999998,0.96220355419442116,0.00090122030329124162,0.03689522550228759,-7.0117608204863702,3.0451690327626477
525.85000000000002,0.96225090718174289,0.00089680834294472342,0.036852284475312386,-7.0166683832336254,3.0473003601833746
525.92499999999995,0.96229796167948689,0.00089243495380539805,0.036809603366707709,-7.0215569278567314,3.0494234281377275
526,0.96234472009311101,0.00088809974017119283,0.036767180166717803,-7.0264265012669203,3.0515382569989953
526.07500000000005,0.96239118480323416,0.00088380231126297345,0.036725012885502867,-7.0312771501285178,3.0536448670332375
526.14999999999998,0.96243735816594267,0.00087954228115467417,0.036683099552902658,-7.0361089208606886,3.0557432784000409
526.22500000000002,0.96248322862676039,0.00087532049785645795,0.036641450875383147,-7.0409204554074751,3.0578329013031968
526.29999999999995,0.96252879582895501,0.00087113681246304996,0.036600067358581942,-7.0457115182882868,3.059913633474785
526.375,0.96257407887278523,0.00086698936179319553,0.036558931765421576,-7.050483851393734,3.0619862314082851
526.45000000000005,0.96261908001629126,0.00086287777915541755,0.036518042204553319,-7.0552375001369931,3.0640507148263887
526.52499999999998,0.96266380149450037,0.00085880170237077598,0.03647739680312885,-7.0599725096947568,3.0661071033490845
526.60000000000002,0.96270824551969936,0.00085476077370954542,0.036436993706591092,-7.0646889250088911,3.0681554164943772
526.67499999999995,0.96275241428171809,0.00085075463982900207,0.036396831078452901,-7.0693867907879611,3.0701956736789495
526.75,0.96279630994820642,0.00084678295171200448,0.036356907100081576,-7.074066151508962,3.0722278942189147
526.82500000000005,0.96283993466489559,0.00084284536460674741,0.036317219970497666,-7.0787270514188014,3.0742520973304615
526.89999999999998,0.96288329055587141,0.00083894153796733556,0.03627776790616126,-7.0833695345359171,3.0762683021305537
526.97500000000002,0.96292637972383632,0.00083507113539533562,0.036238549140768336,-7.0879936446518368,3.0782765276376107
527.04999999999995,0.96296920425036736,0.00083123382458228636,0.036199561925050347,-7.0925994253326712,3.0802767927721537
527.125,0.96301176619616824,0.00082742927725295591,0.036160804526578806,-7.0971869199207855,3.0822691163575331
527.20000000000005,0.96305406760132717,0.00082365716910976308,0.036122275229563072,-7.1017561715361186,3.0842535171204997
527.27499999999998,0.96309611048555954,0.00081991717977778259,0.036083972334662678,-7.1063072230778435,3.0862300136919281
527.35000000000002,0.96313789684845563,0.00081620899275075944,0.036045894158793612,-7.1108401172258215,3.0881986246074464
527.42499999999995,0.96317942866972095,0.00081253229533801222,0.036008039034941042,-7.1153548964419944,3.0901593683080417
527.5,0.96322070790941328,0.00080888677861194866,0.035970405311974776,-7.1198516029720196,3.0921122631407698
527.57500000000005,0.96326173650817726,0.00080527213735670522,0.035932991354466037,-7.1243302788465162,3.0940573273592973
527.64999999999998,0.96330251638747788,0.00080168807001728543,0.035895795542504834,-7.1287909658826623,3.0959945791245929
527.72500000000002,0.96334304944982541,0.00079813427864962099,0.035858816271524971,-7.1332337056856154,3.0979240365055474
527.79999999999995,0.96338333757900019,0.00079461046887153932,0.035822051952128273,-7.1376585396497507,3.0998457174795093
527.875,0.96342338264027927,0.00079111634981413276,0.035785501009906601,-7.1420655089603304,3.101759639933011
527.95000000000005,0.96346318648064788,0.00078765163407426737,0.035749161885277853,-7.1464546545946712,3.103665821662275
528.02499999999998,0.96350275092901938,0.00078421603766756288,0.035713033033313052,-7.1508260173236255,3.1055642803738572
528.10000000000002,0.96354207779644863,0.00078080927998219849,0.035677112923569176,-7.1551796377129175,3.1074550336852282
528.17499999999995,0.96358116887633816,0.00077743108373339487,0.035641400039928446,-7.1595155561245125,3.1093380991253667
528.25,0.96362002594464857,0.0007740811749186022,0.035605892880432824,-7.1638338127179546,3.1112134941353409
528.32500000000005,0.96365865076009982,0.00077075928277338987,0.035570589957126787,-7.1681344474516759,3.1130812360688775
528.39999999999998,0.9636970450643737,0.00076746513972794433,0.035535489795898351,-7.172417500084376,3.1149413421929606
528.47500000000002,0.96373521058231326,0.00076419848136435983,0.035500590936322379,-7.1766830101762187,3.1167938296883504
528.54999999999995,0.96377314902211597,0.00076095904637442152,0.035465891931509605,-7.1809310170902219,3.1186387156501887
528.625,0.96381086207552935,0.00075774657651811266,0.035431391347952534,-7.1851615599935288,3.1204760170885502
528.70000000000005,0.96384835141804037,0.00075456081658274981,0.035397087765376881,-7.1893746778586678,3.1223057509289878
528.77499999999998,0.96388561870906309,0.00075140151434275747,0.035362979776594153,-7.1935704094647681,3.1241279340130643
528.85000000000002,0.96392266559212469,0.00074826842051994825,0.035329065987355357,-7.1977487933989064,3.1259425830989338
528.92499999999995,0.9639594936950463,0.00074516128874452269,0.035295345016209179,-7.2019098680572755,3.1277497148618507
529,0.96399610463012708,0.00074207987551658857,0.035261815494356329,-7.2060536716464361,3.1295493458947141
529.07500000000005,0.96403249999432061,0.00073902394016825488,0.035228476065511077,-7.2101802421845598,3.1313414927086058
529.14999999999998,0.96406868136940804,0.00073599324482637521,0.035195325385765586,-7.2142896175025522,3.1331261717332795
529.22500000000002,0.96410465032217407,0.00073298755437566923,0.035162362123450253,-7.2183818352454114,3.13490339931775
529.29999999999995,0.96414040840457549,0.00073000663642263535,0.035129584959001876,-7.2224569328732491,3.1366731917307367
529.375,0.96417595715391524,0.00072705026125980028,0.03509699258482496,-7.2265149476625705,3.1384355651612208
529.45000000000005,0.96421129809300132,0.00072411820183061629,0.035064583705168059,-7.2305559167073961,3.1401905357189301
529.52499999999998,0.96424643273031585,0.00072121023369480452,0.03503235703598935,-7.2345798769204723,3.1419381194348674
529.60000000000002,0.96428136256017538,0.000718326134994307,0.035000311304830313,-7.2385868650343408,3.1436783322617727
529.67499999999995,0.9643160890628919,0.00071546568641962956,0.034968445250688471,-7.2425769176025598,3.145411190074654
529.75,0.96435061370492781,0.00071262867117675684,0.03493675762389549,-7.2465500710008106,3.1471367086712694
529.82500000000005,0.964384937939057,0.00070981487495457355,0.034905247185988433,-7.2505063614279672,3.1488549037725901
529.89999999999998,0.96441906320450943,0.00070702408589270723,0.03487391270959786,-7.2544458249072479,3.1505657910233014
529.97500000000002,0.9644529909271331,0.00070425609454985547,0.034842752978317043,-7.2583684972873312,3.1522693859922857
530.04999999999995,0.96448672251953826,0.00070151069387259721,0.034811766786589135,-7.2622744142434437,3.1539657041730975
530.125,0.96452025938124153,0.00069878767916466611,0.034780952939593802,-7.2661636112784311,3.1556547609844272
530.20000000000005,0.96455360289881997,0.00069608684805669817,0.034750310253123334,-7.2700361237237843,3.1573365717705459
530.27499999999998,0.96458675444604691,0.00069340800047631491,0.034719837553476768,-7.2738919867408098,3.1590111518018147
530.35000000000002,0.96461971538404001,0.00069075093861878411,0.034689533677341206,-7.2777312353215935,3.1606785162751039
530.42499999999995,0.96465248706139783,0.00068811546691800089,0.034659397471684165,-7.2815539042901039,3.1623386803142708
530.5,0.96468507081433819,0.00068550139201795047,0.034629427793643863,-7.2853600283032076,3.1639916589706014
530.57500000000005,0.96471746796683588,0.00068290852274457557,0.034599623510419536,-7.2891496418516848,3.1656374672232506
530.64999999999998,0.9647496798307561,0.0006803366700780212,0.034569983499165874,-7.2929227792612874,3.1672761199797037
530.72500000000002,0.96478170770598981,0.0006777856471253072,0.034540506646884878,-7.296679474693744,3.1689076320762108
530.79999999999995,0.96481355288058146,0.0006752552690934212,0.034511191850325119,-7.3004197621477305,3.1705320182782093
530.875,0.96484521663085976,0.00067274535326275063,0.034482038015877486,-7.3041436754598932,3.1721492932807678
530.95000000000005,0.96487670022156957,0.00067025571896089985,0.034453044059469529,-7.3078512483058686,3.1737594717090292
531.02499999999998,0.96490800490599027,0.00066778618753696975,0.034424208906472763,-7.3115425142011672,3.1753625681185951
531.10000000000002,0.96493913192606817,0.00066533658233605296,0.034395531491595771,-7.3152175065022771,3.1769585969960037
531.17499999999995,0.96497008251253391,0.0006629067286742544,0.034367010758791838,-7.3188762584075224,3.178547572759105
531.25,0.96500085788502732,0.00066049645381396351,0.034338645661158719,-7.322518802958073,3.1801295097574958
531.32500000000005,0.96503145925221534,0.00065810558693955965,0.034310435160845101,-7.3261451730388298,3.1817044222729076
531.39999999999998,0.9650618878119126,0.00065573395913333496,0.034282378228954122,-7.3297554013794919,3.1832723245196677
531.47500000000002,0.9650921381685641,0.00065338191846899332,0.034254479912966915,-7.3333487321691999,3.184832888253291
531.54999999999995,0.96512220232720103,0.00065105001383552368,0.034226747658963448,-7.3369240925384451,3.1863856475324699
531.625,0.96515209736764862,0.00064873683465226984,0.034199165797699112,-7.3404834170969959,3.1879314425475513
531.70000000000005,0.96518182444395473,0.00064644221958803363,0.03417173333645724,-7.3440267379335822,3.1894702872344936
531.77499999999998,0.96521138469989898,0.00064416600909158778,0.034144449291009432,-7.3475540869864568,3.1910021954639034
531.85000000000002,0.96524077926910556,0.00064190804536971261,0.034117312685524717,-7.3510654960442769,3.1925271810414197
531.92499999999995,0.96527000927514561,0.00063966817236557529,0.034090322552488811,-7.3545609967469305,3.1940452577080714
532,0.9652990758316512,0.00063744623573732577,0.034063477932611476,-7.3580406205864941,3.1955564391406925
532.07500000000005,0.96532798004241327,0.00063524208283708382,0.034036777874749645,-7.3615043989080426,3.1970607389522772
532.14999999999998,0.96535672300149356,0.00063305556269016138,0.034010221435816279,-7.364952362910544,3.1985581706923649
532.22500000000002,0.96538530579331816,0.00063088652597457487,0.033983807680707266,-7.3683845436477551,3.20004874784743
532.29999999999995,0.96541372949278814,0.00062873482500089967,0.033957535682210958,-7.3718009720290194,3.2015324838412309
532.375,0.96544199516537488,0.00062660031369237573,0.033931404520932747,-7.37520167882011,3.2030093920351725
532.45000000000005,0.96546798548267887,0.00062447693413667904,0.033907537583184454,-7.37859616401001,3.2044835982220485
532.52499999999998,0.9654922422258102,0.00062236607785142123,0.033885391696338377,-7.381982088752129,3.2059540866536902
532.60000000000002,0.96551634255441621,0.00062027200973285282,0.033863385435850941,-7.3853524507614061,3.2074178162763358
532.67499999999995,0.96554028746146214,0.00061819458958819518,0.033841517948949663,-7.3887072801838913,3.2088748001822478
532.75,0.96556407793118704,0.00061613367874361691,0.033819788390069341,-7.3920466070267938,3.2103250514033919
532.82500000000005,0.9655877149392007,0.00061408914002595693,0.033798195920773336,-7.3953704611592421,3.2117685829117653
532.89999999999998,0.96561119945256768,0.00061206083774465532,0.033776739709687663,-7.3986788723131021,3.2132054076197538
532.97500000000002,0.96563453242989483,0.00061004863767393576,0.033755418932431232,-7.4019718700837975,3.2146355383804868
533.04999999999995,0.96565771482142326,0.00060805240703529066,0.033734232771541445,-7.4052494839310219,3.2160589879881458
533.125,0.96568074756910771,0.00060607201448011354,0.033713180416412178,-7.4085117431796066,3.217475769178344
533.20000000000005,0.96570363160670847,0.00060410733007266744,0.033692261063218862,-7.4117586770202131,3.2188858946284244
533.27499999999998,0.96572636785986921,0.00060215822527321392,0.033671473914857579,-7.4149903145101534,3.2202893769578171
533.35000000000002,0.96574895724620369,0.00060022457292143166,0.033650818180874884,-7.4182066845740975,3.221686228728347
533.42499999999995,0.96577140067537715,0.0005983062472199877,0.033630293077402867,-7.4214078160049048,3.2230764624445936
533.5,0.96579369904918499,0.00059640312371841433,0.033609897827096585,-7.4245937374643116,3.2244600905541909
533.57500000000005,0.96581585326163466,0.00059451507929716811,0.03358963165906817,-7.4277644774836808,3.225837125448153
533.64999999999998,0.96583786419902473,0.00059264199215189957,0.033569493808823375,-7.4309200644647531,3.2272075794611985
533.72500000000002,0.9658597327400209,0.00059078374177793703,0.033549483518201161,-7.4340605266803941,3.2285714648720769
533.79999999999995,0.96588145975573436,0.00058894020895503257,0.033529600035310608,-7.4371858922752532,3.2299287939038543
533.875,0.96590304610980093,0.00058711127573221568,0.03350984261446685,-7.4402961892665793,3.2312795787242679
533.95000000000005,0.96592449265844937,0.00058529682541295773,0.033490210516137667,-7.4433914455448571,3.2326238314460003
534.02499999999998,0.96594580025058274,0.00058349674254047342,0.033470703006876781,-7.446471688874543,3.2339615641270019
534.10000000000002,0.96596696972784468,0.00058171091288323107,0.033451319359272084,-7.4495369468947858,3.2352927887708032
534.17499999999995,0.96598800192470113,0.00057993922342068215,0.03343205885187818,-7.4525872471200927,3.2366175173268021
534.25,0.96600889766850295,0.00057818156232915978,0.033412920769167888,-7.4556226169410342,3.2379357616905726
534.32500000000005,0.96602965777956218,0.00057643781896797065,0.033393904401469846,-7.4586430836249429,3.2392475337041668
534.39999999999998,0.96605028307121865,0.0005747078838656812,0.033375009044915666,-7.461648674316586,3.2405528451564072
534.47500000000002,0.96607077434991517,0.00057299164870658705,0.033356234001378243,-7.4646394160388407,3.2418517077831801
534.54999999999995,0.96609113241525513,0.00057128900631738184,0.033337578578427493,-7.4676153356933304,3.2431441332677124
534.625,0.96611135806008297,0.00056959985065392496,0.033319042089263104,-7.4705764600611966,3.2444301332409062
534.70000000000005,0.96613145207054152,0.00056792407678832443,0.033300623852670158,-7.4735228158036255,3.2457097192815669
534.77499999999998,0.96615141522613857,0.00056626158089607189,0.033282323192965362,-7.4764544294625752,3.246982902916721
534.85000000000002,0.96617124829981949,0.00056461226024336715,0.033264139439937203,-7.4793713274614744,3.2482496956219178
534.92499999999995,0.96619095205802252,0.00056297601317470457,0.033246071928802773,-7.4822735361057449,3.2495101088214562
535,0.96621052726074819,0.00056135273910050279,0.033228120000151309,-7.4851610815835441,3.2507641538887091
535.07500000000005,0.96622997466161897,0.00055974233848496814,0.033210282999896056,-7.4880339899663664,3.2520118421463824
535.14999999999998,0.96624929500794443,0.00055814471283412745,0.033192560279221441,-7.4908922872096415,3.2532531848667761
535.22500000000002,0.96626848904078033,0.00055655976468394169,0.033174951194535729,-7.4937359991534525,3.2544881932720955
535.29999999999995,0.9662875574949894,0.00055498739758868794,0.033157455107421907,-7.4965651515230576,3.2557168785346784
535.375,0.96630650109930394,0.00055342751610941508,0.033140071384586592,-7.4993797699295532,3.2569392517772831
535.45000000000005,0.96632532057638232,0.00055188002580255891,0.033122799397815123,-7.5021798798705124,3.2581553240733641
535.52499999999998,0.96634401664286773,0.00055034483320877945,0.033105638523923488,-7.5049655067304943,3.2593651064472957
535.60000000000002,0.96636259000944713,0.00054882184584180232,0.033088588144711065,-7.5077366757818078,3.260568609874702
535.67499999999995,0.96638104138091041,0.00054731097217759978,0.033071647646911992,-7.5104934121849167,3.2617658452826341
535.75,0.96639937145620269,0.00054581212164350463,0.033054816422153799,-7.5132357409892263,3.26295682354991
535.82500000000005,0.96641758092848407,0.00054432520460764822,0.033038093866908286,-7.5159636871335298,3.2641415555073103
535.89999999999998,0.9664356704851802,0.00054285013236844172,0.033021479382451362,-7.5186772754466311,3.2653200519378474
535.97500000000002,0.96645364080804652,0.00054138681714417647,0.033004972374809302,-7.5213765306479905,3.2664923235770464
536.04999999999995,0.96647149257320852,0.00053993517206285774,0.032988572254728621,-7.5240614773481891,3.2676583811131472
536.125,0.96648922645122815,0.00053849511115205409,0.032972278437619802,-7.5267321400496101,3.2688182351873989
536.20000000000005,0.96650684310714896,0.00053706654932897445,0.032956090343522065,-7.529388543146931,3.2699718963942761
536.27499999999998,0.96652434320055103,0.00053564940239061738,0.032940007397058352,-7.5320307109277245,3.2711193752817374
536.35000000000002,0.96654172738560096,0.00053424358700407339,0.032924029027394969,-7.5346586675730043,3.2722606823514635
536.42499999999995,0.96655899631110564,0.00053284902069696027,0.032908154668197395,-7.5372724371577569,3.2733958280590878
536.5,0.96657615062056013,0.00053146562184793107,0.032892383757591945,-7.5398720436515658,3.274524822814469
536.57500000000005,0.96659319095219931,0.00053009330967737525,0.032876715738123313,-7.542457510919097,3.2756476769818992
536.64999999999998,0.96661011793904428,0.00052873200423822475,0.032861150056717497,-7.5450288627206108,3.2767644008803285
536.72500000000002,0.96662693220895601,0.00052738162640681428,0.032845686164637171,-7.5475861227125955,3.2778750047836396
536.79999999999995,0.96664360154846996,0.00052604254500348744,0.032830355906526554,-7.5501284644604532,3.2789791297758466
536.875,0.96666011780911898,0.00052471479847211093,0.03281516739240891,-7.5526556839870089,3.2800766872707876
536.95000000000005,0.96667652346729183,0.00052339773877698608,0.032800078793931188,-7.5551688881355163,3.2811681579643808
537.02499999999998,0.9666928191289873,0.00052209129009347542,0.032785089580919219,-7.5576681001357331,3.2822535519451814
537.10000000000002,0.96670900539529003,0.0005207953773755632,0.032770199227334401,-7.5601533431162897,3.2833328792578258
537.17499999999995,0.96672508286241576,0.00051950992634742003,0.03275540721123682,-7.5626246401052857,3.2844061499032908
537.25,0.96674105212175954,0.0005182348634951569,0.032740713014745307,-7.5650820140307165,3.2854733738390784
537.32500000000005,0.966756913759935,0.0005169701160586172,0.032726116124006381,-7.5675254877210305,3.2865345609794576
537.39999999999998,0.9667726683588227,0.00051571561202331368,0.032711616029153991,-7.5699550839056089,3.2875897211956735
537.47500000000002,0.96678831649560981,0.00051447128011243332,0.032697212224277752,-7.5723708252153061,3.2886388643161806
537.54999999999995,0.96680385874283636,0.00051323704977900724,0.032682904207384629,-7.5747727341828623,3.2896820001268243
537.625,0.96681929566843727,0.00051201285119808224,0.032668691480364644,-7.5771608332435116,3.2907191383711023
537.70000000000005,0.96683462783578022,0.00051079861525911018,0.032654573548960668,-7.5795351447353472,3.2917502887503263
537.77499999999998,0.96684985580371419,0.00050959427355831732,0.032640549922727496,-7.581895690899918,3.2927754609238771
537.85000000000002,0.96686498012660249,0.00050839975839127327,0.032626620115006236,-7.5842424938826181,3.2937946645093779
537.92499999999995,0.96688000135437069,0.00050721500274547332,0.032612783642883836,-7.5865755757332325,3.2948079090829285
538,0.96689492003254307,0.00050603994029305404,0.032599040027163878,-7.588894958406402,3.2958152041793078
538.07500000000005,0.96690973670228098,0.00050487450538362535,0.032585388792335399,-7.5912006637620379,3.2968165592921554
538.14999999999998,0.9669244519004262,0.00050371863303713888,0.032571829466536667,-7.5934927135658405,3.2978119838741944
538.22500000000002,0.96693906615953695,0.000502572258936868,0.032558361581526182,-7.5957711294897718,3.2988014873374381
538.29999999999995,0.96695358000792619,0.00050143531942249166,0.032544984672651316,-7.5980359331124951,3.2997850790533811
538.375,0.96696799396970101,0.00050030775148325059,0.032531698278815732,-7.6002871459198413,3.3007627683532017
538.45000000000005,0.9669823085647985,0.00049918949275120869,0.03251850194245029,-7.6025247893052343,3.301734564527945
538.52499999999998,0.96699652430902749,0.00049808048149456582,0.032505395209477941,-7.6047488845701787,3.3027004768287376
538.60000000000002,0.96701064171409612,0.00049698065661108013,0.032492377629292801,-7.6069594529246976,3.3036605144669751
538.67499999999995,0.96702466128765852,0.00049588995762155487,0.032479448754719926,-7.6091565154877978,3.3046146866145256
538.75,0.96703858353334471,0.00049480832466345563,0.032466608141991836,-7.6113400932878408,3.3055630024038911
538.82500000000005,0.96705240895079625,0.00049373569848453055,0.032453855350719221,-7.6135102072630607,3.3065054709284301
538.89999999999998,0.96706613803570474,0.00049267202043656476,0.032441189943858695,-7.6156668782619725,3.3074421012425383
538.97500000000002,0.96707977127984424,0.00049161723246921301,0.032428611487686554,-7.6178101270437777,3.308372902361822
539.04999999999995,0.96709330917110436,0.0004905712771238784,0.03241611955177176,-7.6199399742788279,3.3092978832633011
539.125,0.96710675219352848,0.00048953409752768983,0.032403713708943821,-7.6220564405490423,3.3102170528855899
539.20000000000005,0.96712010082734445,0.00048850563738755373,0.032391393535267994,-7.6241595463483236,3.3111304201290763
539.27499999999998,0.96713335554899671,0.00048748584098428911,0.032379158610018999,-7.6262493120829529,3.3120379938560962
539.35000000000002,0.9671465168311828,0.0004864746531667849,0.032367008515650414,-7.6283257580720845,3.3129397828911462
539.42499999999995,0.96715958514288303,0.0004854720193463202,0.032354942837770656,-7.6303889045480551,3.3138357960210185
539.5,0.96717256094939585,0.00048447788549085434,0.032342961165113288,-7.6324387716568962,3.3147260419950233
539.57500000000005,0.96718544471236523,0.00048349219811947479,0.032331063089515298,-7.6344753794586655,3.3156105295251326
539.64999999999998,0.96719823688981632,0.0004825149042968559,0.032319248205886823,-7.6364987479278952,3.3164892672861761
539.72500000000002,0.96721093793618496,0.00048154595162782179,0.032307516112187226,-7.6385088969539652,3.3173622639160016
539.79999999999995,0.9672235483023488,0.00048058528825195047,0.032295866409399195,-7.6405058463415276,3.3182295280156602
539.875,0.96723606843565757,0.00047963286283826109,0.03228429870150417,-7.642489615810895,3.3190910681495747
539.95000000000005,0.96724849877996366,0.00047868862457996518,0.032272812595456377,-7.6444602249984301,3.3199468928457088
540.02499999999998,0.96726083977565169,0.00047775252318928618,0.03226140770115897,-7.6464176934569252,3.320797010595733
540.10000000000002,0.96727309185966925,0.00047682450889231722,0.032250083631438428,-7.6483620406560346,3.3216414298552102
540.17499999999995,0.96728525546555466,0.00047590453242399462,0.032238840002021346,-7.6502932859825936,3.3224801590437361
540.25,0.9672973310234656,0.0004749925450230822,0.032227676431511317,-7.6522114487410438,3.3233132065451234
540.32500000000005,0.96730931896021155,0.00047408849842722441,0.032216592541361222,-7.6541165481538407,3.3241405807075783
540.39999999999998,0.9673212196992762,0.00047319234486811854,0.03220558795585568,-7.6560086033617374,3.3249622898438242
540.47500000000002,0.96733303366085122,0.00047230403706664511,0.032194662302082136,-7.6578876334242789,3.3257783422313163
540.54999999999995,0.96734476126185887,0.0004714235282281652,0.032183815209912967,-7.659753657320068,3.3265887461123569
540.625,0.96735640291598479,0.0004705507720377983,0.032173046311977413,-7.6616066939471938,3.3273935096942822
540.70000000000005,0.96736795903370099,0.0004696857226557857,0.032162355243643227,-7.6634467621235984,3.3281926411496205
540.77499999999998,0.96737943002229354,0.00046882833471293198,0.032151741642993531,-7.6652738805873968,3.3289861486162318
540.85000000000002,0.96739081628589219,0.00046797856330605471,0.032141205150801759,-7.6670880679972964,3.3297740401974893
540.92499999999995,0.96740211822549149,0.00046713636399353989,0.032130745410514971,-7.6688893429329088,3.3305563239624165
541,0.96741333623898151,0.00046630169279090827,0.032120362068227576,-7.6706777238951513,3.3313330079458594
541.07500000000005,0.9674244707211721,0.000465474506166482,0.032110054772661413,-7.6724532293065471,3.332104100148618
541.14999999999998,0.96743552206381755,0.00046465476103706627,0.032099823175145384,-7.6742158775116103,3.3328696085376137
541.22500000000002,0.96744649065564092,0.00046384241476368608,0.03208966692959539,-7.6759656867772161,3.3336295410460495
541.29999999999995,0.96745737688236322,0.00046303742514742228,0.032079585692489358,-7.6777026752928741,3.3343839055735289
541.375,0.96746818112672373,0.00046223975042521923,0.032069579122851057,-7.6794268611711676,3.3351327099862473
541.45000000000005,0.96747890376850643,0.00046144934926581793,0.032059646882227753,-7.6811382624480311,3.3358759621171115
541.52499999999998,0.96748954518456387,0.00046066618076571092,0.032049788634670423,-7.6828368970830869,3.3366136697658857
541.60000000000002,0.96750010574884127,0.00045989020444513006,0.032040004046713602,-7.6845227829600153,3.3373458406993546
541.67499999999995,0.96751058583240079,0.0004591213802440938,0.032030292787355114,-7.6861959378868994,3.3380724826514694
541.75,0.96752098580344348,0.00045835966851853733,0.032020654528037984,-7.6878563795964938,3.3387936033234684
541.82500000000005,0.96753130602733273,0.00045760503003642808,0.032011088942630841,-7.6895041257466259,3.339509210384048
541.89999999999998,0.96754154686661942,0.00045685742597398842,0.032001595707406592,-7.6911391939204643,3.3402193114694816
541.97500000000002,0.96755170868106266,0.00045611681791191746,0.031992174501025421,-7.6927616016268887,3.340923914183779
542.04999999999995,0.9675617918276519,0.00045538316783167652,0.031982825004516428,-7.6943713663008193,3.34162302609883
542.125,0.96757179666063098,0.00045465643811185366,0.031973546901257165,-7.6959685053034699,3.3423166547545136
542.20000000000005,0.96758171127191894,0.00045393742713687742,0.031964351300944181,-7.6975511951114566,3.3430040082046868
542.27499999999998,0.96759154666511571,0.00045322537086202173,0.031955227964022268,-7.6991210487753445,3.343685786988309
542.35000000000002,0.9676013048619071,0.00045252011859549224,0.031946175019497411,-7.7006783348281402,3.344362107727783
542.42499999999995,0.96761098620526453,0.00045182163433116679,0.031937192160404297,-7.7022230703243375,3.3450329778297814
542.5,0.96762025113263106,0.00045112332336943225,0.031928625543999507,-7.7037698115625481,3.3457047190144684
542.57500000000005,0.96762936845952108,0.00045043032848927672,0.031920201211989643,-7.7053071466178986,3.3463723751458438
542.64999999999998,0.96763840977320692,0.00044974398937232409,0.031911846237420757,-7.7068320495979794,3.3470346320955304
542.72500000000002,0.96764737540297752,0.00044906427131365573,0.031903560325708881,-7.7083445372284949,3.3476914971274105
542.79999999999995,0.96765626567558949,0.00044839113997320428,0.031895343184437305,-7.7098446261648652,3.3483429774748399
542.875,0.96766508091528458,0.00044772456137248548,0.031887194523342932,-7.7113323329925914,3.3489890803408113
542.95000000000005,0.96767382144380765,0.00044706450189145478,0.031879114054300897,-7.7128076742274256,3.3496298128980242
543.02499999999998,0.96768248758043396,0.00044641092826528956,0.031871101491300749,-7.7142706663157998,3.3502651822890734
543.10000000000002,0.96769107964197898,0.00044576380758131379,0.031863156550439704,-7.7157213256350099,3.3508951956265278
543.17499999999995,0.96769959794282401,0.00044512310727589472,0.031855278949900097,-7.7171596684935535,3.3515198599930782
543.25,0.96770804279493117,0.00044448879513139285,0.031847468409937442,-7.7185857111314276,3.3521391824416655
543.32500000000005,0.96771641450786461,0.00044386083927317127,0.031839724652862222,-7.7199994697203742,3.3527531699955886
543.39999999999998,0.96772471338880739,0.00044323920816661893,0.03183204740302599,-7.7214009603641767,3.3533618296486307
543.47500000000002,0.96773293974258201,0.00044262387061418318,0.031824436386803809,-7.7227901990990127,3.3539651683652165
543.54999999999995,0.96774109387166452,0.00044201479575253593,0.031816891332582947,-7.7241672018935876,3.3545631930804656
543.625,0.9677491760762067,0.00044141195304964566,0.031809411970743662,-7.7255319846495558,3.3551559107003794
543.70000000000005,0.96775718665404908,0.00044081531230199357,0.031801998033648922,-7.7268845632016951,3.355743328101914
543.77499999999998,0.96776512590074615,0.0004402248436317431,0.031794649255622108,-7.7282249533182608,3.3563254521331363
543.85000000000002,0.96777299410957418,0.00043964051748401157,0.031787365372941807,-7.7295531707011893,3.3569022896133101
543.92499999999995,0.96778079157155572,0.00043906230462412035,0.031780146123820158,-7.7308692309864178,3.3574738473330368
544,0.96778851857547299,0.00043849017613491908,0.031772991248392092,-7.7321731497441144,3.3580401320543545
544.07500000000005,0.96779617540788765,0.00043792410341412038,0.031765900488698234,-7.7334649424789577,3.3586011505108599
544.14999999999998,0.96780376235315269,0.00043736405817165942,0.031758873588675657,-7.7347446246304292,3.359156909407834
544.22500000000002,0.96781127969343417,0.00043681001242712578,0.031751910294138708,-7.7360122115730157,3.3597074154223319
544.29999999999995,0.96781872770872523,0.0004362619385071617,0.031745010352767604,-7.7372677186165566,3.3602526752033324
544.375,0.96782610667686064,0.00043571980904296901,0.031738173514096385,-7.7385111610064161,3.360792695371813
544.45000000000005,0.96783341687353674,0.00043518359696778587,0.031731399529495469,-7.7397425539237901,3.3613274825208834
544.52499999999998,0.96784065857232426,0.00043465327551442813,0.031724688152161305,-7.740961912485937,3.3618570432158852
544.60000000000002,0.96784783204468416,0.00043412881821283677,0.031718039137102999,-7.7421692517464606,3.3623813839945158
544.67499999999995,0.96785493755998475,0.00043361019888767783,0.03171145224112757,-7.7433645866955407,3.3629005113669272
544.75,0.96786197538551699,0.00043309739165595931,0.031704927222827049,-7.7445479322601907,3.3634144318158392
544.82500000000005,0.96786894578650751,0.00043259037092468989,0.031698463842567803,-7.7457193033044849,3.3639231517966377
544.89999999999998,0.96787584902613633,0.00043208911138852913,0.03169206186247514,-7.7468787146298714,3.3644266777375091
544.97500000000002,0.96788268536554811,0.00043159358802754709,0.031685721046424337,-7.7480261809752955,3.3649250160394963
545.04999999999995,0.96788945506387392,0.00043110377610488973,0.031679441160021193,-7.7491617170176061,3.3654181730766743
545.125,0.96789615837823739,0.00043061965116461304,0.031673221970597992,-7.7502853373716345,3.3659061551961829
545.20000000000005,0.9679027955637759,0.0004301411890294144,0.031667063247194691,-7.7513970565905739,3.3663889687183941
545.27499999999998,0.96790936687364937,0.00042966836579850219,0.031660964760552128,-7.7524968891660997,3.3668666199369626
545.35000000000002,0.96791587255906142,0.00042920115784539299,0.031654926283093188,-7.7535848495287203,3.3673391151189782
545.42499999999995,0.96792231286926433,0.00042873954181583713,0.031648947588919826,-7.7546609520478897,3.3678064605050153
545.5,0.96792868805158394,0.00042828349462566996,0.031643028453790391,-7.7557252110323525,3.3682686623092835
545.57500000000005,0.96793499835142149,0.00042783299345876242,0.031637168655119743,-7.7567776407303182,3.3687257267197013
545.64999999999998,0.96794124401227788,0.00042738801576497289,0.031631367971957147,-7.757818255329691,3.3691776598979968
545.72500000000002,0.96794742527575928,0.00042694853925810618,0.031625626184982616,-7.7588470689583406,3.3696244679798264
545.79999999999995,0.96795354238159559,0.00042651454191393952,0.031619943076490471,-7.759864095684275,3.3700661570748478
545.875,0.96795959556765199,0.00042608600196823617,0.031614318430379776,-7.7608693495158994,3.370502733266834
545.95000000000005,0.96796558506993957,0.00042566289791479855,0.03160875203214563,-7.7618628444022377,3.3709342026137699
546.02499999999998,0.96797151112263446,0.00042524520850351403,0.031603243668862024,-7.76284459423323,3.3713605711479793
546.10000000000002,0.96797737395808425,0.00042483291273846569,0.031597793129177279,-7.7638146128399308,3.3717818448762129
546.17499999999995,0.96798317380682208,0.00042442598987623364,0.031592400203301681,-7.7647729139943147,3.3721980297795637
546.25,0.96798891089758454,0.00042402441942377312,0.031587064682991689,-7.7657195114101318,3.3726091318138369
546.32500000000005,0.96799458545731554,0.0004236281811367329,0.03158178636154773,-7.76665441874278,3.3730151569094966
546.39999999999998,0.96800019771118584,0.00042323725501763085,0.03157656503379648,-7.7675776495895708,3.3734161109717808
546.47500000000002,0.96800574788260252,0.00042285162131403583,0.031571400496083445,-7.7684892174900275,3.3738119998808296
546.54999999999995,0.96801123619322083,0.00042247126051685039,0.031566292546262323,-7.7693891359260014,3.3742028294917357
546.625,0.9680166628629554,0.00042209615335856804,0.031561240983686033,-7.770277418321899,3.3745886056346461
546.70000000000005,0.96802202810999383,0.00042172628081154446,0.031556245609194629,-7.7711540780449262,3.3749693341148634
546.77499999999998,0.96802733215080938,0.0004213616240863247,0.031551306225104291,-7.7720191284052529,3.3753450207129219
546.85000000000002,0.96803257520016717,0.00042100216462995335,0.031546422635202881,-7.7728725826562668,3.3757156711846941
546.92499999999995,0.96803775747114396,0.00042064788412434276,0.031541594644731705,-7.7737144539947396,3.3760812912614653
547,0.96804287917513243,0.00042029876448463385,0.031536822060382941,-7.7745447555610596,3.3764418866500336
547.07500000000005,0.96804794052185361,0.00041995478785760001,0.03153210469028879,-7.775363500439413,3.3767974630327893
547.14999999999998,0.9680529417193745,0.00041961593662005503,0.031527442344005438,-7.7761707016579988,3.3771480260678066
547.22500000000002,0.96805788297410889,0.00041928219337729496,0.031522834832513821,-7.7769663721892197,3.3774935813889289
547.29999999999995,0.96806276449083706,0.00041895354096154434,0.031518281968201396,-7.7777505249498997,3.3778341346058611
547.375,0.96806758647271163,0.00041862996243045587,0.031513783564857914,-7.778523172801429,3.3781696913042349
547.45000000000005,0.96807234912126894,0.00041831144106556535,0.031509339437665498,-7.7792843285500588,3.3785002570457339
547.52499999999998,0.96807705263644195,0.00041799796037085655,0.031504949403187196,-7.7800340049469812,3.3788258373681304
547.60000000000002,0.96808169048751991,0.00041768989860015599,0.03150061961387994,-7.7807712701383984,3.3791460275724621
547.67499999999995,0.96808626515129159,0.00041738710580400479,0.031496347742904399,-7.7814964554993269,3.3794609715730703
547.75,0.96809078131797632,0.00041708930255731887,0.031492129379466355,-7.7822102042796271,3.3797709487298198
547.82500000000005,0.96809523918090756,0.00041679647327103704,0.0314879643458214,-7.7829125290027648,3.3800759644815828
547.89999999999998,0.96809963893186513,0.00041650860257113053,0.031483852465563747,-7.7836034421381903,3.3803760242437728
547.97500000000002,0.96810398076108961,0.00041622567529723826,0.031479793563613148,-7.7842829561015234,3.3806711334084243
548.04999999999995,0.96810826485728807,0.00041594767650129331,0.031475787466210638,-7.7849510832548035,3.3809612973443035
548.125,0.96811249140764821,0.00041567459144623237,0.031471834000905557,-7.7856078359065828,3.3812465213969469
548.20000000000005,0.96811666059784429,0.00041540640560467398,0.031467932996551033,-7.7862532263121365,3.3815268108887522
548.27499999999998,0.96812077261205043,0.00041514310465760418,0.031464084283291963,-7.7868872666736975,3.381802171119082
548.35000000000002,0.96812482763294372,0.00041488467449312755,0.031460287692563156,-7.7875099691405758,3.3820726073643148
548.42499999999995,0.96812882584172322,0.00041463110120519445,0.031456543057071587,-7.7881213458093752,3.3823381248779385
548.5,0.96813276741811127,0.00041438237109237724,0.03145285021079635,-7.7887214087241343,3.3825987288906134
548.57500000000005,0.96813665254036263,0.00041413847065663626,0.031449208988980737,-7.789310169876531,3.3828544246102581
548.64999999999998,0.9681404813852823,0.00041389938660211855,0.031445619228115576,-7.7898876412060503,3.3831052172221256
548.72500000000002,0.9681442541282248,0.0004136651058339658,0.031442080765941231,-7.790453834600167,3.3833511118888806
548.79999999999995,0.96814797094310456,0.00041343561545714854,0.031438593441438289,-7.7910087618945072,3.3835921137506704
548.875,0.96815163200241339,0.00041321090277530884,0.031435157094811303,-7.7915524348730258,3.3838282279252008
548.95000000000005,0.96815523747721721,0.00041299095528963512,0.031431771567493154,-7.7920848652681469,3.3840594595077995
549.02499999999998,0.96815878753717299,0.0004127757606977094,0.031428436702129296,-7.7926060647610083,3.3842858135715197
549.10000000000002,0.96816228235053436,0.00041256530689243349,0.031425152342573204,-7.7931160449815531,3.3845072951671824
549.17499999999995,0.96816572208415985,0.00041235958196092693,0.031421918333879223,-7.7936148175087281,3.3847239093234593
549.25,0.9681691069035232,0.00041215857418345169,0.031418734522293344,-7.794102393870654,3.3849356610469501
549.32500000000005,0.96817243697271882,0.00041196227203235664,0.031415600755248824,-7.7945787855447852,3.3851425553222501
549.39999999999998,0.96817571245447254,0.00041177066417103468,0.031412516881356427,-7.7950440039580755,3.385344597112022
549.47500000000002,0.96817893351014883,0.00041158373945289972,0.031409482750398267,-7.795498060487132,3.3855417913570633
549.54999999999995,0.9681821002997586,0.00041140148692036876,0.031406498213321032,-7.7959409664583932,3.3857341429763839
549.625,0.9681852129819668,0.00041122389580388241,0.031403563122229312,-7.7963727331482495,3.3859216568672581
549.70000000000005,0.96818827171410216,0.00041105095552089585,0.03140067733037695,-7.79679337178327,3.3861043379053228
549.77499999999998,0.96819127665216353,0.00041088265567493969,0.031397840692161526,-7.7972028935402973,3.3862821909446192
549.85000000000002,0.96819422795082688,0.0004107189860546544,0.031395053063118461,-7.7976013095466374,3.3864552208176746
549.92499999999995,0.96819712576345529,0.00041055993663284866,0.031392314299911864,-7.7979886308802318,3.3866234323355782
550,0.9681999702421048,0.00041040549756560311,0.031389624260329596,-7.7983648685697471,3.3867868302880186
550.07500000000005,0.96820276153753193,0.000410255659191343,0.031386982803276731,-7.7987300335947793,3.3869454194433741
550.14999999999998,0.96820549979920123,0.00041011041202993539,0.031384389788768834,-7.7990841368860311,3.3870992045487887
550.22500000000002,0.96820818517529594,0.0004099697467818352,0.031381845077922223,-7.7994271893254012,3.3872481903302103
550.29999999999995,0.96821081781271778,0.00040983365432721217,0.031379348532955001,-7.7997592017461574,3.387392381492468
550.375,0.96821339785710114,0.00040970212572508742,0.031376900017173769,-7.8000801849331163,3.3875317827193481
550.45000000000005,0.96821592545281787,0.00040957515221251849,0.031374499394969613,-7.8003901496227392,3.3876663986736362
550.52499999999998,0.96821840074298371,0.00040945272520374301,0.031372146531812549,-7.800689106503361,3.3877962339972174
550.60000000000002,0.96822082386946595,0.0004093348362894186,0.031369841294244631,-7.800977066215216,3.3879212933110865
550.67499999999995,0.96822319497289011,0.00040922147723578017,0.031367583549874109,-7.8012540393506988,3.3880415812154618
550.75,0.96822551419264491,0.00040911263998388267,0.031365373167371209,-7.8015200364544466,3.388157102289822
550.82500000000005,0.96822778166689549,0.00040900831664882249,0.031363210016455687,-7.801775068023507,3.388267861092976
550.89999999999998,0.96822999753258121,0.00040890849951899397,0.031361093967899795,-7.80201914450745,3.3883738621631148
550.97500000000002,0.96823216192542916,0.00040881318105533083,0.031359024893515511,-7.8022522763085487,3.3884751100178883
551.04999999999995,0.96823427497995607,0.00040872235389059362,0.031357002666153336,-7.8024744737818779,3.3885716091544476
551.125,0.96823633682947896,0.00040863601082862715,0.031355027159692413,-7.8026857472355173,3.3886633640495361
551.20000000000005,0.96823834760611904,0.00040855414484368169,0.031353098249037273,-7.8028861069306288,3.3887503791595188
551.27499999999998,0.96824030744080802,0.00040847674907972431,0.031351215810112257,-7.8030755630815882,3.3888326589204429
551.35000000000002,0.96824221646329545,0.00040840381684973455,0.031349379719854818,-7.8032541258561858,3.3889102077481241
551.42499999999995,0.9682440748021528,0.00040833534163505338,0.031347589856212152,-7.8034218053757245,3.388983030038188
551.5,0.96824588258478428,0.00040827131708474749,0.031345846098130972,-7.8035786117151131,3.3890511301661119
551.57500000000005,0.96824763993742791,0.00040821173701493878,0.031344148325557153,-7.8037245549030709,3.3891145124873132
551.64999999999998,0.96824934698516174,0.00040815659540818674,0.031342496419430071,-7.8038596449222348,3.3891731813371964
551.72500000000002,0.96825100385191554,0.00040810588641287997,0.031340890261671583,-7.8039838917092705,3.3892271410312
551.79999999999995,0.96825261066047141,0.00040805960434261556,0.031339329735185974,-7.804097305155044,3.3892763958648731
551.875,0.96825416753246962,0.00040801774367563799,0.031337814723854739,-7.8041998951046754,3.389320950113897
551.95000000000005,0.96825567458841466,0.00040798029905421304,0.031336345112531125,-7.8042916713577801,3.3893608080341902
552.02499999999998,0.96825713194768648,0.00040794726528410835,0.031334920787029416,-7.8043726436684766,3.3893959738619124
552.10000000000002,0.96825853972853859,0.0004079186373339848,0.031333541634127424,-7.8044428217456421,3.3894264518135762
552.17499999999995,0.96825989804810475,0.00040789441033491482,0.031332207541560339,-7.8045022152528833,3.3894522460860319
552.25,0.9682612070224117,0.00040787457957978674,0.031330918398008514,-7.8045508338088156,3.3894733608565915
552.32500000000005,0.96826246676637451,0.00040785914052282113,0.031329674093102666,-7.8045886869870946,3.3894898002830405
552.39999999999998,0.96826367739380925,0.0004078480887790575,0.031328474517411692,-7.804615784316546,3.3895015685036953
552.47500000000002,0.96826483901743599,0.00040784142012383707,0.031327319562440177,-7.8046321352813379,3.3895086696374785
552.54999999999995,0.96826595174888275,0.00040783913049233884,0.031326209120624914,-7.8046377493210413,3.3895111077839428
552.625,0.96826701569869245,0.00040784121597908275,0.031325143085328473,-7.8046326358308047,3.3895088870233496
552.70000000000005,0.96826757729702428,0.00040784362145469344,0.031324579081521024,-7.8046267377792526,3.3895063255321065
552.77499999999998,0.96826773309525138,0.00040784719487347437,0.031324419709875144,-7.804617976080066,3.389502520374498
552.85000000000002,0.9682678394412918,0.00040785511114809977,0.031324305447560097,-7.8045985663651072,3.3894940908423958
552.92499999999995,0.96826789643741729,0.00040786736676892032,0.031324236195813794,-7.8045685178592654,3.3894810409421194
553,0.9682679041848421,0.00040788395838219256,0.031324211856775711,-7.8045278397438569,3.3894633746610632
553.07500000000005,0.96826785685609251,0.00040790527851364679,0.031324237865393838,-7.8044755710193021,3.3894406746424131
553.14999999999998,0.96826775655628383,0.00040793119061535536,0.031324312253100811,-7.8044120482357595,3.3894130870480454
553.22500000000002,0.96826760734259176,0.00040796142760432042,0.031324431229803919,-7.8043379282148067,3.389380897131947
553.29999999999995,0.96826740931183852,0.00040799598677005372,0.031324594701391421,-7.8042532199563972,3.3893441088027481
553.375,0.96826716255981571,0.00040803486555579055,0.031324802574628503,-7.804157932417561,3.3893027259504374
553.45000000000005,0.96826686718128696,0.0004080780615581269,0.031325054757154913,-7.804052074512505,3.3892567524464057
553.52499999999998,0.96826652326999119,0.000408125572526653,0.031325351157482161,-7.8039356551127481,3.3892061921435048
553.60000000000002,0.96826613091864766,0.00040817739636361003,0.031325691684988728,-7.8038086830472242,3.3891510488760921
553.67499999999995,0.96826569021896236,0.00040823353112356557,0.031326076249914077,-7.8036711671023635,3.3890913264600653
553.75,0.96826520126163151,0.00040829397501307039,0.031326504763355419,-7.8035231160222445,3.3890270286929298
553.82500000000005,0.96826466413634182,0.0004083587263903803,0.0313269771372678,-7.8033645385086103,3.3889581593538045
553.89999999999998,0.96826407893178101,0.00040842778376508972,0.031327493284453896,-7.8031954432211261,3.3888847222035343
553.97500000000002,0.96826344573563761,0.00040850114579789516,0.0313280531185645,-7.8030158387773421,3.3888067209846735
554.04999999999995,0.96826276463460581,0.00040857881130027516,0.03132865655409392,-7.8028257337528846,3.3887241594215696
554.125,0.96826203571439307,0.00040866077923423858,0.031329303506372697,-7.8026251366815051,3.3886370412203832
554.20000000000005,0.96826125905971516,0.00040874704871204427,0.031329993891572795,-7.8024140560552215,3.3885453700691519
554.27499999999998,0.96826043475431267,0.0004088376189959527,0.031330727626691375,-7.8021925003244057,3.3884491496378244
554.35000000000002,0.96825956288094384,0.00040893248949799496,0.031331504629558166,-7.8019604778978522,3.3883483835782946
554.42499999999995,0.96825864352139412,0.00040903165977969791,0.031332324818826175,-7.8017179971429771,3.3882430755244846
554.5,0.96825767675648,0.00040913512955191117,0.03133318811396809,-7.8014650663857914,3.3881332290923352
554.57500000000005,0.96825666266604804,0.0004092428986745576,0.031334094435277404,-7.8012016939110858,3.3880188478798852
554.64999999999998,0.9682556013289858,0.00040935496715643676,0.031335043703857757,-7.8009278879625068,3.3878999354673049
554.72500000000002,0.96825449282321829,0.00040947133515503205,0.031336035841626669,-7.8006436567426496,3.3877764954169365
554.79999999999995,0.96825333722571971,0.00040959200297633464,0.031337070771303953,-7.8003490084131295,3.387648531273324
554.875,0.96825213461250625,0.0004097169710746363,0.031338148416419111,-7.8000439510947581,3.3875160465632912
554.95000000000005,0.96825088505864942,0.00040984624005240542,0.031339268701298169,-7.7997284928675317,3.3873790447959355
555.02499999999998,0.96824958863827426,0.00040997981066010381,0.031340431551065639,-7.7994026417707918,3.3872375294626993
555.10000000000002,0.96824824542456545,0.00041011768379603476,0.031341636891638519,-7.7990664058033321,3.3870915040374143
555.17499999999995,0.96824685548976797,0.00041025986050622753,0.031342884649725802,-7.7987197929234364,3.386940971976319
555.25,0.96824541890519378,0.00041040634198429249,0.031344174752821932,-7.7983628110490129,3.3867859367181175
555.32500000000005,0.96824393574122147,0.00041055712957131047,0.031345507129207216,-7.7979954680576666,3.3866264016840097
555.39999999999998,0.96824240606730216,0.00041071222475572405,0.031346881707942115,-7.7976177717867898,3.3864623702777323
555.47500000000002,0.96824082995196059,0.00041087162917322604,0.031348298418866181,-7.7972297300336812,3.3862938458856093
555.54999999999995,0.96823920746280168,0.00041103534460669477,0.031349757192591629,-7.7968313505555731,3.3861208318765637
555.625,0.96823753866650875,0.0004112033729860842,0.031351257960505169,-7.7964226410697917,3.3859433316021872
555.70000000000005,0.96823582362885174,0.00041137571638836889,0.031352800654759885,-7.7960036092538054,3.3857613483967626
555.77499999999998,0.96823406241468757,0.00041155237703748623,0.031354385208274944,-7.7955742627453013,3.3855748855772947
555.85000000000002,0.96823225508796062,0.00041173335730427423,0.031356011554735101,-7.7951346091422957,3.3853839464435604
555.92499999999995,0.96823040171171038,0.00041191865970642214,0.031357679628583199,-7.7946846560032341,3.3851885342781509
556,0.96822850234807356,0.00041210828690846455,0.031359389365017976,-7.7942244108470078,3.3849886523464789
556.07500000000005,0.96822655705828276,0.00041230224172171699,0.031361140699995529,-7.7937538811531351,3.3847843038968586
556.14999999999998,0.96822456590267492,0.00041250052710429543,0.03136293357022079,-7.7932730743617604,3.3845754921605029
556.22500000000002,0.96822252894068872,0.00041270314616108502,0.031364767913150196,-7.7927819978737949,3.3843622203515871
556.29999999999995,0.96822044623087256,0.00041291010214377001,0.031366643666983676,-7.792280659050939,3.3841444916672567
556.375,0.96821831783088286,0.00041312139845081153,0.031368560770666326,-7.791769065215842,3.3839223092876987
556.45000000000005,0.96821614379748955,0.00041333703862750078,0.031370519163882948,-7.7912472236521086,3.3836956763761412
556.52499999999998,0.96821392418657548,0.00041355702636596193,0.031372518787058615,-7.7907151416044451,3.3834645960789214
556.60000000000002,0.96821165905314477,0.0004137813655052296,0.031374559581349999,-7.7901728262786483,3.3832290715254763
556.67499999999995,0.96820934845131912,0.00041401006003125203,0.031376641488649631,-7.7896202848417939,3.3829891058284276
556.75,0.9682069924343415,0.00041424311407697721,0.031378764451581526,-7.7890575244222475,3.3827447020835848
556.82500000000005,0.96820459105458334,0.00041448053192242435,0.031380928413494234,-7.7884845521097317,3.382495863369976
556.89999999999998,0.96820214436354002,0.00041472231799474161,0.031383133318465241,-7.7879013749554469,3.3822425927498982
556.97500000000002,0.96819965241184036,0.00041496847686829858,0.031385379111291342,-7.7873079999721311,3.3819848932689447
557.04999999999995,0.96819711524924224,0.00041521901326478747,0.031387665737492979,-7.7867044341341192,3.3817227679560307
557.125,0.96819453292463908,0.00041547393205332376,0.031389993143307593,-7.7860906843774247,3.3814562198234288
557.20000000000005,0.96819190548606027,0.00041573323825054668,0.031392361275689187,-7.7854667575998437,3.3811852518668135
557.27499999999998,0.9681892329806735,0.00041599693702076964,0.031394770082305734,-7.7848326606609595,3.3809098670652644
557.35000000000002,0.96818651545479029,0.00041626503367606544,0.031397219511533646,-7.784188400382325,3.3806300683813442
557.42499999999995,0.96818375295386139,0.0004165375336764679,0.031399709512462147,-7.7835339835473869,3.380345858761066
557.5,0.96818094552248435,0.00041681444263006639,0.031402240034885585,-7.782869416901689,3.3800572411339824
557.57500000000005,0.96817809320440551,0.00041709576629317673,0.031404811029301316,-7.7821947071529118,3.379764218413202
557.64999999999998,0.96817519604251678,0.0004173815105705421,0.031407422446912678,-7.7815098609708624,3.3794667934953857
557.72500000000002,0.96817225407886331,0.00041767168151546238,0.031410074239621222,-7.7808148849876568,3.3791649692608239
557.79999999999995,0.96816926735464404,0.00041796628533002006,0.031412766360025948,-7.7801097857976922,3.3788587485734278
557.875,0.96816623591021134,0.0004182653283652314,0.031415498761423431,-7.7793945699578186,3.378548134280801
557.95000000000005,0.96816315978507361,0.00041856881712130684,0.031418271397805078,-7.778669243987272,3.3782331292142116
558.02499999999998,0.96816003901790049,0.00041887675824779701,0.031421084223851717,-7.7779338143678993,3.37791373618869
558.10000000000002,0.96815687364651981,0.00041918915854387593,0.031423937194936316,-7.7771882875440799,3.3775899580029942
558.17499999999995,0.96815366370792322,0.00041950602495854537,0.031426830267118233,-7.7764326699228539,3.377261797439667
558.25,0.96815040923826245,0.00041982736459085702,0.03142976339714669,-7.7756669678740309,3.3769292572650809
558.32500000000005,0.96814711027285927,0.00042015318469019818,0.031432736542450532,-7.7748911877301676,3.3765923402294309
558.39999999999998,0.96814376684619941,0.00042048349265652021,0.031435749661144076,-7.7741053357867012,3.3762510490667905
558.47500000000002,0.96814037899193972,0.0004208182960406256,0.031438802712019653,-7.7733094183019702,3.3759053864951216
558.54999999999995,0.96813694674290407,0.00042115760254444318,0.031441895654551487,-7.7725034414972765,3.3755553552163011
558.625,0.96813346283071378,0.0004215018597020949,0.031445035309584132,-7.7716863684274831,3.3752005048907781
558.70000000000005,0.96812993348821152,0.00042185070270021283,0.031448215809088263,-7.7708590915955504,3.3748412231276634
558.77499999999998,0.96812635987049922,0.00042220407201057917,0.031451436057490199,-7.7700217778533638,3.3744775823898099
558.85000000000002,0.96812274200697024,0.00042256197595684183,0.031454696017072917,-7.7691744332695274,3.3741095853127794
558.92499999999995,0.96811907992619395,0.00042292442301523474,0.031457995650790813,-7.7683170638759194,3.3737372345161827
559,0.96811537365592348,0.00042329142181486159,0.031461334922261656,-7.7674496756678666,3.3733605326037575
559.07500000000005,0.9681116232230893,0.00042366298113810343,0.031464713795772592,-7.766572274604048,3.3729794821633248
559.14999999999998,0.96810782865380518,0.00042403910992092661,0.031468132236273892,-7.7656848666066551,3.3725940857668602
559.22500000000002,0.96810398997336911,0.00042441981725324494,0.031471590209377648,-7.7647874575614431,3.3722043459705144
559.29999999999995,0.9681001072062595,0.00042480511237932232,0.031475087681361175,-7.7638800533177141,3.3718102653146076
559.375,0.96809618037614587,0.00042519500469811008,0.031478624619156022,-7.7629626596884682,3.3714118463236926
559.45000000000005,0.96809220950588104,0.0004255895037636574,0.0314822009903553,-7.7620352824504089,3.3710090915065609
559.52499999999998,0.96808819461750562,0.00042598861928552079,0.031485816763208864,-7.7610979273439682,3.3706020033562498
559.60000000000002,0.96808413573225116,0.00042639236112914888,0.031489471906619687,-7.7601506000734188,3.3701905843500941
559.67499999999995,0.9680800328705359,0.00042680073931629251,0.031493166390147806,-7.7591933063069378,3.3697748369497509
559.75,0.96807588605197181,0.00042721376402547474,0.03149690018400271,-7.7582260516765595,3.3693547636011822
559.82500000000005,0.96807169529536019,0.00042763144559237765,0.031500673259047429,-7.7572488417783418,3.368930366734725
559.89999999999998,0.96806746061869597,0.00042805379451032322,0.031504485586793703,-7.756261682172334,3.3685016487650778
559.97500000000002,0.96806318203916786,0.00042848082143069784,0.031508337139401446,-7.7552645783826986,3.3680686120913546
560.04999999999995,0.96805885957315974,0.00042891253716344544,0.031512227889676822,-7.7542575358976942,3.3676312590970747
560.125,0.96805449323624637,0.00042934895267751481,0.031516157811076112,-7.7532405601697878,3.3671895921502157
560.20000000000005,0.96805008304320395,0.00042979007910136461,0.03152012687769469,-7.7522136566156528,3.3667436136032078
560.27499999999998,0.96804562900800117,0.00043023592772345074,0.031524135064275371,-7.7511768306162319,3.3662933257929657
560.35000000000002,0.9680411311438053,0.00043068650999271749,0.031528182346201986,-7.750130087516812,3.3658387310409172
560.42499999999995,0.9680365894629821,0.00043114183751912465,0.031532268699498774,-7.7490734326270374,3.3653798316530121
560.5,0.96803200397709477,0.00043160192207416571,0.031536394100831061,-7.7480068712209667,3.3649166299197444
560.57500000000005,0.96802737469690681,0.00043206677559139362,0.031540558527501802,-7.7469304085371329,3.3644491281161808
560.64999999999998,0.96802270163237902,0.00043253641016696042,0.031544761957454016,-7.7458440497785945,3.3639773285019805
560.72500000000002,0.96801798479267487,0.0004330108380601947,0.031549004369264937,-7.7447478001129211,3.3635012333213901
560.79999999999995,0.96801322418615776,0.00043349007169412408,0.031553285742148114,-7.7436416646723281,3.363020844803303
560.875,0.96800841982039143,0.00043397412365608055,0.031557606055952488,-7.7425256485536424,3.3625361651612429
560.95000000000005,0.96800357170214113,0.00043446300669826131,0.031561965291160607,-7.7413997568183941,3.3620471965934038
561.02499999999998,0.96799867983737442,0.00043495673373832998,0.031566363428887245,-7.7402639944928353,3.3615539412826601
561.10000000000002,0.96799374423126228,0.00043545531786000769,0.031570800450877713,-7.7391183665680074,3.3610564013965929
561.17499999999995,0.96798876488817542,0.00043595877231370107,0.031575276339510877,-7.7379628779997454,3.3605545790874944
561.25,0.96798374181168856,0.00043646711051711077,0.031579791077794329,-7.7367975337087476,3.3600484764923966
561.32500000000005,0.96797867500458223,0.00043698034605586301,0.031584344649361905,-7.7356223385806189,3.3595380957330909
561.39999999999998,0.96797356446883509,0.00043749849268416021,0.031588937038480751,-7.7344372974658882,3.3590234389161346
561.47500000000002,0.96796841020563229,0.00043802156432542642,0.031593568230042279,-7.7332424151800678,3.3585045081328793
561.54999999999995,0.96796321221536263,0.00043854957507297448,0.031598238209564394,-7.7320376965036788,3.3579813054594774
561.625,0.967957970497616,0.00043908253919067343,0.031602946963193324,-7.7308231461823009,3.3574538329569092
561.70000000000005,0.96795268505119159,0.00043962047111363356,0.031607694477694778,-7.7295987689266115,3.3569220926709957
561.77499999999998,0.96794735587408487,0.00044016338544890932,0.031612480740466221,-7.7283645694123964,3.3563860866324045
561.85000000000002,0.9679419829635012,0.00044071129697619254,0.031617305739522608,-7.7271205522806152,3.3558458168566787
561.92499999999995,0.96793656631584546,0.00044126422064851364,0.031622169463506024,-7.7258667221374671,3.3553012853442654
562,0.96793110592672915,0.00044182217159301445,0.031627071901677836,-7.7246030835543191,3.354752494080484
562.07500000000005,0.96792560179096487,0.00044238516511162923,0.031632013043923497,-7.723329641067866,3.3541994450355963
562.14999999999998,0.96792005390257141,0.00044295321668186272,0.031636992880746728,-7.7220463991800941,3.3536421401647898
562.22500000000002,0.96791446225476763,0.00044352634195753967,0.031642011403274835,-7.7207533623583329,3.3530805814082014
562.29999999999995,0.96790882683997848,0.00044410455676957019,0.031647068603251956,-7.7194505350352953,3.3525147706909335
562.375,0.9679031476498291,0.00044468787712675017,0.031652164473044149,-7.7181379216090633,3.3519447099230488
562.45000000000005,0.96789742467514839,0.00044527631921652039,0.031657299005635089,-7.7168155264431899,3.3513704009996141
562.52499999999998,0.96789165790596721,0.00044586989940576937,0.03166247219462702,-7.7154833538667269,3.3507918458007135
562.60000000000002,0.96788584733151939,0.00044646863424167502,0.031667684034238933,-7.7141414081741893,3.3502090461914307
562.67499999999995,0.96787999294023785,0.00044707254045251002,0.031672934519309637,-7.7127896936256279,3.349622004021882
562.75,0.9678740947197586,0.00044768163494845992,0.031678223645292936,-7.7114282144466948,3.3490307211272454
562.82500000000005,0.96786815265691739,0.00044829593482250546,0.031683551408260104,-7.710056974828591,3.3484351993277359
562.89999999999998,0.96786216673775094,0.00044891545735125055,0.031688917804897812,-7.708675978928162,3.3478354404286486
562.97500000000002,0.96785613694749406,0.00044954021999578917,0.031694322832510155,-7.7072852308679263,3.3472314462203703
563.04999999999995,0.96785006327058265,0.00045017024040260961,0.031699766489014743,-7.7058847347360535,3.3466232184783711
563.125,0.96784267326492168,0.00045079845628246041,0.031706528278795859,-7.704490200200123,3.346017579824593
563.20000000000005,0.9678347420486263,0.00045142916778553372,0.031713828783588166,-7.7030920793955984,3.345410383674154
563.27499999999998,0.9678267640278404,0.00045206513881234235,0.031721170833347252,-7.7016842760985531,3.3447989824706421
563.35000000000002,0.9678187391750197,0.00045270638728671467,0.031728554437693582,-7.7002667943073071,3.3441833779505052
563.42499999999995,0.96781066746179523,0.00045335293131882232,0.031735979606885949,-7.6988396379863691,3.3435635718355088
563.5,0.96780254885897787,0.000454004789206088,0.031743446351816043,-7.6974028110664774,3.3429395658327499
563.57500000000005,0.9677943833365531,0.00045466197943414092,0.031750954684012761,-7.6959563174445629,3.342311361634644
563.64999999999998,0.96778617086368135,0.00045532452067772897,0.03175850461564092,-7.6945001609838304,3.3416789609189599
563.72500000000002,0.96777791140869751,0.00045599243180166138,0.03176609615950083,-7.6930343455137997,3.3410423653488373
563.79999999999995,0.96776960493911057,0.00045666573186180356,0.031773729329027625,-7.6915588748302568,3.3404015765727646
563.875,0.96776125142159963,0.00045734444010603217,0.031781404138294334,-7.6900737526953176,3.3397565962246083
563.95000000000005,0.96775285082201645,0.00045802857597521037,0.031789120602008336,-7.6885789828374742,3.3391074259236313
564.02499999999998,0.96774440310538035,0.0004587181591041978,0.031796878735515455,-7.6870745689515898,3.3384540672744931
564.10000000000002,0.96773590823588218,0.00045941320932287548,0.031804678554794942,-7.6855605146988877,3.3377965218672427
564.17499999999995,0.96772734794059945,0.00046011389371449721,0.031812538165686056,-7.6840365040962091,3.337134652472137
564.25,0.96771871311307833,0.00046082030586470408,0.031820466581056965,-7.6825023830068275,3.3364683921484475
564.32500000000005,0.96771003109025322,0.00046153224554394212,0.031828436664202833,-7.6809586352944388,3.3357979510355062
564.39999999999998,0.96770130183267522,0.00046224973338062725,0.031836448433944148,-7.679405264483302,3.3351233306638797
564.47500000000002,0.967692525300058,0.00046297279020337823,0.031844501909738615,-7.6778422740641998,3.3344445325495964
564.54999999999995,0.96768370145127747,0.00046370143704210179,0.031852597111680432,-7.6762696674944522,3.33376155819415
564.625,0.96767483024437095,0.00046443569512910339,0.03186073406049994,-7.6746874481979059,3.333074409084499
564.70000000000005,0.96766591163653359,0.00046517558590016884,0.03186891277756624,-7.6730956195650144,3.3323830866930986
564.77499999999998,0.96765694558411885,0.00046592113099572306,0.031877133284885423,-7.6714941849527767,3.3316875924778748
564.85000000000002,0.967647932042635,0.00046667235226192396,0.031885395605103083,-7.6698831476848426,3.3309879278822709
564.92499999999995,0.96763887096674617,0.00046742927175183908,0.031893699761501991,-7.6682625110514726,3.3302840943352279
565,0.96762976231026776,0.00046819191172661686,0.031902045778005622,-7.66663227830953,3.329576093251184
565.07500000000005,0.9676206060261664,0.0004689602946566303,0.031910433679176974,-7.664992452682565,3.3288639260301096
565.14999999999998,0.96761140206655993,0.00046973444322268639,0.031918863490217379,-7.663343037360784,3.3281475940574934
565.22500000000002,0.96760215038271002,0.00047051438031722476,0.031927335236972748,-7.6616840355010716,3.3274270987043533
565.29999999999995,0.96759285092502845,0.00047130012904554515,0.031935848945926007,-7.6600154502269771,3.326702441327229
565.375,0.96758350364306767,0.00047209171272698751,0.031944404644205344,-7.6583372846288329,3.3259736232682351
565.45000000000005,0.96757410848552428,0.00047288915489624187,0.031953002359579485,-7.6566495417636222,3.3252406458550023
565.52499999999998,0.96756466540023423,0.00047369247930456897,0.031961642120461209,-7.6549522246550721,3.324503510400719
565.60000000000002,0.96755517433417271,0.00047450170992106996,0.031970323955906224,-7.6532453362936614,3.3237622182041338
565.67499999999995,0.96754563523345016,0.00047531687093396128,0.031979047895615877,-7.651528879636655,3.3230167705495695
565.75,0.96753604804331328,0.00047613798675191538,0.031987813969934803,-7.6498028576080248,3.3222671687068921
565.82500000000005,0.96752641270813722,0.00047696508200534277,0.031996622209857439,-7.6480672730985253,3.3215134139315396
565.89999999999998,0.96751672917143172,0.00047779818154768952,0.03200547264702059,-7.6463221289657648,3.3207555074645558
565.97500000000002,0.96750699737583334,0.00047863731045686753,0.032014365313709783,-7.644567428034029,3.3199934505325128
566.04999999999995,0.96749721726310423,0.00047948249403649405,0.032023300242859279,-7.6428031730945341,3.3192272443476196
566.125,0.96748738877412932,0.00048033375781737883,0.032032277468053302,-7.6410293669051912,3.3184568901076221
566.20000000000005,0.9674775118489175,0.00048119112755881774,0.032041297023523679,-7.6392460121908057,3.3176823889958884
566.27499999999998,0.96746758642659669,0.00048205462925004995,0.032050358944153257,-7.6374531116429685,3.3169037421813612
566.35000000000002,0.96745761244540895,0.00048292428911164828,0.032059463265479399,-7.635650667920113,3.316120950818584
566.42499999999995,0.96744758984271484,0.00048380013359695375,0.032068610023688209,-7.6338386836475136,3.3153340160476987
566.5,0.96743751855498539,0.00048468218939353938,0.03207779925562107,-7.6320171614172549,3.3145429389944332
566.57500000000005,0.96742739851780091,0.00048557048342461468,0.032087030998774482,-7.630186103788354,3.3137477207701544
566.64999999999998,0.96741722966585064,0.00048646504285060197,0.032096305291298755,-7.6283455132865603,3.3129483624717819
566.72500000000002,0.96740701193292877,0.00048736589507052764,0.032105622172000699,-7.626495392404566,3.3121448651818781
566.79999999999995,0.96739674525192942,0.00048827306772358852,0.032114981680346988,-7.6246357436018943,3.3113372299685997
566.875,0.96738642955484966,0.00048918658869065836,0.03212438385645968,-7.6227665693049342,3.3105254578857144
566.95000000000005,0.96737606477278215,0.0004901064860958473,0.032133828741122,-7.6208878719069064,3.309709549972585
567.02499999999998,0.9673656508359143,0.00049103278830800912,0.032143316375777692,-7.6189996537679638,3.3088895072542126
567.10000000000002,0.9673551876735258,0.00049196552394237725,0.032152846802531825,-7.6171019172150647,3.3080653307411825
567.17499999999995,0.9673446752139836,0.00049290472186209783,0.032162420064154304,-7.615194664542086,3.3072370214297124
567.25,0.96733411338474296,0.00049385041117987877,0.032172036204077166,-7.6132778980097378,3.3064045803016167
567.32500000000005,0.96732350211234241,0.00049480262125959522,0.03218169526639799,-7.6113516198455935,3.3055680083243182
567.39999999999998,0.96731284132240147,0.00049576138171790441,0.032191397295880622,-7.6094158322441423,3.3047273064508711
567.47500000000002,0.96730213093961415,0.00049672672242595409,0.032201142337959898,-7.6074705373666784,3.3038824756199139
567.54999999999995,0.96729137088775374,0.00049769867351100237,0.032210930438735255,-7.605515737341408,3.3030335167557148
567.625,0.96728056108966143,0.00049867726535813542,0.032220761644980438,-7.6035514342633936,3.3021804307681477
567.70000000000005,0.96726970146724967,0.00049966252861198459,0.032230636004138349,-7.6015776301945301,3.3013232185526822
567.77499999999998,0.96725879194149522,0.00050065449417841315,0.032240553564326369,-7.5995943271636195,3.3004618809904156
567.85000000000002,0.96724783243243739,0.00050165319322631506,0.032250514374336292,-7.5976015271662556,3.2995964189480236
567.92499999999995,0.96723682285917589,0.0005026586571893147,0.032260518483634794,-7.5955992321649415,3.2987268332778101
568,0.96722576313986441,0.00050367091776759045,0.032270565942367997,-7.5935874440889952,3.2978531248176681
568.07500000000005,0.96721465319171229,0.00050469000692966509,0.03228065680135804,-7.5915661648345578,3.2969752943910806
568.14999999999998,0.96720349293097585,0.00050571595691418288,0.032290791112109966,-7.5895353962646626,3.2960933428071524
568.22500000000002,0.96719228227295939,0.00050674880023180693,0.032300968926808803,-7.5874951402091027,3.2952072708605531
568.29999999999995,0.96718102113200932,0.00050778856966700553,0.032311190298323675,-7.5854453984645547,3.2943170793315693
568.375,0.96716970942151037,0.00050883529827998276,0.032321455280209646,-7.5833861727944534,3.2934227689860505
568.45000000000005,0.96715834705388581,0.00050988901940851865,0.03233176392670567,-7.5813174649290822,3.2925243405754498
568.52499999999998,0.96714693394058793,0.00051094976666990108,0.032342116292742168,-7.5792392765655183,3.2916217948367987
568.60000000000002,0.96713546999210243,0.00051201757396287075,0.032352512433934701,-7.5771516093675944,3.2907151324926898
568.67499999999995,0.96712395511793303,0.00051309247546952024,0.032362952406597451,-7.5750544649659819,3.2898043542513151
568.75,0.96711238922661391,0.00051417450565733355,0.032373436267728754,-7.5729478449580387,3.2888894608063985
568.82500000000005,0.96710077222569002,0.00051526369928107637,0.032383964075028901,-7.5708317509079928,3.2879704528372753
568.89999999999998,0.9670891040217241,0.00051636009138490539,0.032394535886890993,-7.5687061843467252,3.2870473310087989
568.97500000000002,0.96707738452028724,0.00051746371730433118,0.032405151762408428,-7.5665711467718904,3.2861200959713917
569.04999999999995,0.96706561362595822,0.00051857461266826318,0.032415811761373516,-7.5644266396479045,3.2851887483610427
569.125,0.96705379124231772,0.00051969281340112281,0.032426515944281156,-7.5622726644058469,3.2842532887992606
569.20000000000005,0.967041917271945,0.00052081835572489164,0.032437264372330119,-7.5601092224435265,3.2833137178931069
569.27499999999998,0.96702999161641467,0.00052195127616124198,0.032448057107424086,-7.5579363151254242,3.282370036235168
569.35000000000002,0.96701801417629141,0.00052309161153365601,0.032458894212174939,-7.5557539437827073,3.2814222444035623
569.42499999999995,0.96700598485112554,0.00052423939896958037,0.032469775749904881,-7.5535621097132024,3.2804703429619289
569.5,0.96699390353945147,0.00052539467590260232,0.03248070178464587,-7.5513608141813799,3.2795143324594198
569.57500000000005,0.96698177013878073,0.00052655748007464755,0.032491672381144629,-7.5491500584183298,3.2785542134306915
569.64999999999998,0.96696958454559889,0.00052772784953817903,0.032502687604862926,-7.5469298436217809,3.2775899863959101
569.72500000000002,0.96695734665536082,0.00052890582265846401,0.032513747521980718,-7.5447001709560322,3.276621651860725
569.79999999999995,0.96694505519342933,0.00053009154187522612,0.032524853264695452,-7.5424608458132836,3.2756491253080422
569.875,0.96693270613920845,0.00053128539472741497,0.03253600846606413,-7.5402112145757672,3.2746721228752715
569.95000000000005,0.96692030448608501,0.00053248696858713669,0.032547208545327846,-7.5379521328169741,3.2736910161332595
570.02499999999998,0.96690785012528835,0.00053369630310480531,0.032558453571606846,-7.5356836015646014,3.2727058055283291
570.10000000000002,0.96689534294699653,0.00053491343825512591,0.032569743614748348,-7.5334056218128902,3.2717164914922736
570.17499999999995,0.96688278284032969,0.00053613841433946901,0.032581078745330838,-7.5311181945226089,3.2707230744423494
570.25,0.96687016969335005,0.00053737127198830691,0.032592459034661646,-7.5288213206209615,3.2697255547812363
570.32500000000005,0.96685750339304943,0.00053861205216356703,0.032603884554787001,-7.5265150010016955,3.2687239328970841
570.39999999999998,0.96684478382535211,0.00053986079616113862,0.032615355378486754,-7.5241992365249697,3.2677182091634545
570.47500000000002,0.96683201087510473,0.0005411175456133217,0.032626871579281951,-7.5218740280173728,3.2667083839393305
570.54999999999995,0.96681918442607617,0.00054238234249130647,0.03263843323143252,-7.5195393762719283,3.265694457569118
570.625,0.96680630436094639,0.00054365522910772963,0.032650040409945881,-7.5171952820480028,3.2646764303826061
570.70000000000005,0.96679337056130799,0.00054493624811918773,0.032661693190572827,-7.5148417460713439,3.2636543026949822
570.77499999999998,0.96678038290765766,0.00054622544252880159,0.032673391649813532,-7.5124787690340602,3.2626280748068259
570.85000000000002,0.96676734127939035,0.00054752285568885923,0.032685135864920792,-7.5101063515945121,3.2615977470040591
570.92499999999995,0.96675424555479761,0.00054882853130335993,0.032696925913899035,-7.5077244943774248,3.2605633195579968
571,0.96674109561105859,0.00055014251343072902,0.032708761875510681,-7.5053331979737381,3.2595247927252804
571.07500000000005,0.96672789132423709,0.0005514648464864727,0.03272064382927644,-7.5029324629406107,3.2584821667478816
571.14999999999998,0.96671463256927526,0.00055279557524583385,0.032732571855478912,-7.5005222898014701,3.2574354418531213
571.22500000000002,0.96670131921999036,0.00055413474484658151,0.032744546035163052,-7.4981026790458722,3.2563846182536111
571.29999999999995,0.96668795114906558,0.00055548240079170879,0.032756566450142709,-7.4956736311295655,3.2553296961472808
571.375,0.96667452822804678,0.00055683858895224595,0.032768633183000967,-7.4932351464744045,3.2542706757173385
571.45000000000005,0.96666105032733729,0.00055820335557005643,0.032780746317092657,-7.4907872254683392,3.2532075571322694
571.52499999999998,0.96664751731619325,0.00055957674726065201,0.032792905936546095,-7.4883298684654163,3.2521403405458336
571.60000000000002,0.96663392906271461,0.00056095881101607663,0.032805112126269312,-7.4858630757857103,3.2510690260970381
571.67499999999995,0.96662028543384115,0.00056234959420779871,0.032817364971951049,-7.4833868477152885,3.24999361391012
571.75,0.96660658629534768,0.00056374914458962467,0.032829664560062699,-7.4809011845061875,3.2489141040945371
571.82500000000005,0.96659283151183728,0.00056515751030061269,0.032842010977862109,-7.4784060863764399,3.2478304967449807
571.89999999999998,0.96657902094673664,0.0005665747398680977,0.032854404313395258,-7.4759015535099547,3.2467427919413208
571.97500000000002,0.96656515446228641,0.00056800088221066621,0.032866844655502922,-7.4733875860565364,3.2456509897486172
572.04999999999995,0.9665512319195394,0.00056943598664119374,0.032879332093819408,-7.4708641841318473,3.2445550902171005
572.125,0.96653725317835359,0.00057088010286992998,0.032891866718776475,-7.4683313478173359,3.2434550933821442
572.20000000000005,0.96652321809738362,0.00057233328100755008,0.03290444862160883,-7.4657890771602764,3.2423509992642785
572.27499999999998,0.9665091265340775,0.00057379557156832803,0.03291707789435417,-7.4632373721736514,3.2412428078691424
572.35000000000002,0.96649497834466702,0.00057526702547326376,0.032929754629859712,-7.4606762328361604,3.2401305191874847
572.42499999999995,0.96648077338416583,0.00057674769405325016,0.032942478921780927,-7.4581056590922223,3.239014133195167
572.5,0.96646651150635965,0.00057823762905233854,0.032955250864588011,-7.4555256508518504,3.2378936498531083
572.57500000000005,0.96645219256380044,0.00057973688263096199,0.032968070553568596,-7.4529362079906623,3.2367690691072908
572.64999999999998,0.96643781640780069,0.00058124550736919959,0.032980938084830061,-7.4503373303498703,3.235640390888753
572.72500000000002,0.96642338288842589,0.0005827635562701129,0.032993853555304001,-7.4477290177362008,3.2345076151135577
572.79999999999995,0.96640889185448853,0.00058429108276309002,0.033006817062748384,-7.4451112699218625,3.2333707416827764
572.875,0.96639434315354056,0.00058582814070721372,0.033019828705752229,-7.4424840866445185,3.2322297704824772
572.95000000000005,0.9663797366318696,0.00058737478439468819,0.033032888583735709,-7.4398474676072262,3.2310847013837001
573.02499999999998,0.96636507213448519,0.00058893106855424659,0.033045996796960561,-7.4372014124784549,3.2299355342424629
573.10000000000002,0.96635034950511978,0.00059049704835467535,0.033059153446525547,-7.4345459208919742,3.2287822688997139
573.17499999999995,0.96633556858621761,0.00059207277940831883,0.03307235863437407,-7.4318809924468212,3.2276249051813171
573.25,0.96632072921892675,0.00059365831777458264,0.033085612463298664,-7.4292066267073338,3.2264634428980665
573.32500000000005,0.9663058312430941,0.00059525371996358236,0.03309891503694231,-7.4265228232029994,3.2252978818456213
573.39999999999998,0.96629087449725892,0.00059685904293971389,0.033112266459801365,-7.4238295814284889,3.22412822180452
573.47500000000002,0.96627585881864186,0.000598474344125321,0.033125666837232816,-7.4211269008435892,3.2229544625401512
573.54999999999995,0.96626078404313931,0.00060009968140437443,0.033139116275456321,-7.4184147808731735,3.22177660380274
573.625,0.96624565000532026,0.00060173511312623402,0.033152614881553508,-7.4156932209070998,3.2205946453273055
573.70000000000005,0.96623008284425871,0.00060337634410088156,0.033166540811640416,-7.4129694363484244,3.2194117207235795
573.77499999999998,0.96621342684279399,0.00060501573352590536,0.033181557423680105,-7.4102560944436355,3.2182333313068128
573.85000000000002,0.96619670856786533,0.00060666526713722049,0.033196626164997453,-7.4075333734808737,3.2170508686169228
573.92499999999995,0.96617992784162154,0.00060832500397729674,0.033211747154401158,-7.4048012728016444,3.2158643323679295
574,0.96616308448482391,0.00060999500356174725,0.033226920511614341,-7.4020597917128441,3.2146737222588215
574.07500000000005,0.96614617831684002,0.00061167532588320855,0.033242146357276771,-7.3993089294866303,3.2134790379735008
574.14999999999998,0.96612920915563572,0.00061336603141515906,0.033257424812949125,-7.3965486853604583,3.2122802791807983
574.22500000000002,0.96611217681776673,0.00061506718111590261,0.033272756001117364,-7.3937790585369134,3.2110774455344018
574.29999999999995,0.96609508111836961,0.00061677883643242745,0.033288140045197957,-7.3910000481838019,3.2098705366728932
574.375,0.96607792187115527,0.00061850105930445418,0.033303577069540277,-7.3882116534340003,3.2086595522196864
574.45000000000005,0.96606069888840174,0.0006202339121684484,0.033319067199429869,-7.3854138733854242,3.2074444917830109
574.52499999999998,0.9660434119809389,0.00062197745796164518,0.033334610561099452,-7.3826067071010435,3.2062253549559192
574.60000000000002,0.96602606095814836,0.00062373176012621412,0.033350207281725427,-7.3797901536087327,3.2050021413162235
574.67499999999995,0.96600864562795119,0.00062549688261335915,0.033365857489435449,-7.3769642119012877,3.2037748504265
574.75,0.96599116579679556,0.00062727288988751145,0.033381561313316932,-7.3741288809363672,3.2025434818340655
574.82500000000005,0.96597362126965669,0.00062905984693056979,0.033397318883412741,-7.3712841596364127,3.2013080350709426
574.89999999999998,0.965956011850021,0.00063085781924613097,0.033413130330732871,-7.3684300468886574,3.2000685096538626
574.97500000000002,0.96593833733987677,0.0006326668728638715,0.033428995787259358,-7.3655665415449585,3.1988249050841939
575.04999999999995,0.96592059753971082,0.0006344870743438144,0.033444915385945365,-7.3626936424218794,3.1975772208479758
575.125,0.96590279224849485,0.0006363184907808002,0.033460889260724352,-7.3598113483005152,3.1963254564158454
575.20000000000005,0.96588492126367664,0.0006381611898088513,0.033476917546514502,-7.3569196579265528,3.1950696112430608
575.27499999999998,0.9658669843811718,0.00064001523960573116,0.033493000379222412,-7.3540185700101004,3.1938096847694291
575.35000000000002,0.96584898139535424,0.00064188070889741012,0.033509137895748345,-7.3511080832257205,3.1925456764193205
575.42499999999995,0.96583091209904803,0.00064375766696266837,0.033525330233989299,-7.3481881962123285,3.1912775856016236
575.5,0.96581277498007612,0.00064564629387104983,0.033541578726052831,-7.3452587368397966,3.190005337561173
575.57500000000005,0.96579456669337882,0.00064754692631826497,0.033557886380302909,-7.3423192939382265,3.1887287537291513
575.64999999999998,0.96577629147963862,0.00064945925946303473,0.033574249260898352,-7.3393704498209242,3.1874480870010142
575.72500000000002,0.9657579491253433,0.00065138336485020599,0.033590667509806493,-7.3364122029824541,3.1861633367229589
575.79999999999995,0.96573953941538326,0.00065331931460092558,0.033607141270015808,-7.3334445518815121,3.1848745022256058
575.875,0.96572106213303799,0.00065526718141753135,0.033623670685544477,-7.3304674949408017,3.1835815828239435
575.95000000000005,0.96570251705996701,0.00065722703858842437,0.033640255901444566,-7.3274810305470108,3.1822845778173194
576.02499999999998,0.96568390397620096,0.00065919895999302209,0.033656897063806014,-7.324485157050745,3.1809834864894109
576.10000000000002,0.96566522266012622,0.00066118302010677917,0.033673594319766999,-7.3214798727664219,3.179678308108179
576.17499999999995,0.96564647288848482,0.00066317929400622384,0.033690347817508959,-7.3184651759722259,3.1783690419258481
576.25,0.96562765443635268,0.00066518785737398997,0.033707157706273277,-7.3154410649101402,3.1770556871789219
576.32500000000005,0.96560876707713295,0.00066720878650406053,0.033724024136362996,-7.3124075377857363,3.1757382430880896
576.39999999999998,0.96558981058254945,0.00066924215830692054,0.03374094725914363,-7.3093645927681772,3.1744167088582285
576.47500000000002,0.96557078472263125,0.00067128805031480519,0.033757927227053945,-7.3063122279901522,3.1730910836783766
576.54999999999995,0.96555168926570134,0.00067334654068698261,0.033774964193611673,-7.3032504415478456,3.1717613667217166
576.625,0.96553252397836753,0.00067541770821515296,0.03379205831341732,-7.3001792315007954,3.1704275571455169
576.70000000000005,0.96551328862551289,0.00067750163232884234,0.033809209742158272,-7.2970985958718559,3.1690896540911138
576.77499999999998,0.96549398297028122,0.00067959839310084854,0.033826418636617936,-7.2940085326471493,3.1677476566838916
576.85000000000002,0.96547460677406605,0.00068170807125276654,0.03384368515468119,-7.290909039775987,3.1664015640332472
576.92499999999995,0.96545515979650076,0.0006838307481605607,0.033861009455338681,-7.2878001151707998,3.1650513752325611
577,0.96543564179544705,0.00068596650586020061,0.03387839169869275,-7.284681756707057,3.1636970893591614
577.07500000000005,0.96541605252698182,0.00068811542705334993,0.03389583204596483,-7.2815539622231897,3.1623387054742906
577.14999999999998,0.9653963917453865,0.00069027759511308489,0.033913330659500418,-7.2784167295205515,3.1609762226230882
577.22500000000002,0.96537665920313298,0.00069245309408971008,0.033930887702777308,-7.2752700563633264,3.1596096398345521
577.29999999999995,0.96535685465087628,0.00069464200871662777,0.033948503340407089,-7.2721139404784347,3.1582389561214965
577.375,0.96533697783743699,0.00069684442441621589,0.033966177738146794,-7.2689483795555176,3.1568641704805454
577.45000000000005,0.96531702850979328,0.00069906042730584874,0.033983911062900864,-7.265773371246798,3.1554852818920711
577.52499999999998,0.96529700641306371,0.0007012901042038899,0.034001703482732404,-7.2625889131670656,3.1541022893201913
577.60000000000002,0.96527691129050086,0.00070353354263585281,0.034019555166863287,-7.2593950028935152,3.1527151917126943
577.67499999999995,0.96525674288347418,0.00070579083084047344,0.034037466285685339,-7.256191637965788,3.1513239880010597
577.75,0.9652365009314593,0.00070806205777599891,0.034055437010764703,-7.2529788158857995,3.1499286771003838
577.82500000000005,0.96521618517202223,0.00071034731312645061,0.034073467514851317,-7.2497565341176893,3.148529257909356
577.89999999999998,0.96519579534081235,0.00071264668730794737,0.03409155797187971,-7.2465247900877792,3.1471257293102424
577.97500000000002,0.96517533117154164,0.00071496027147516087,0.034109708556983143,-7.2432835811844276,3.1457180901688213
578.04999999999995,0.96515479239597912,0.00071728815752774764,0.034127919446493127,-7.2400329047580136,3.1443063393343764
578.125,0.9651341787439307,0.00071963043811692031,0.034146190817952379,-7.2367727581208134,3.142890475639645
578.20000000000005,0.9651134899432301,0.00072198720665204237,0.034164522850117861,-7.2335031385469382,3.1414704979007881
578.27499999999998,0.96509272571972493,0.00072435855730729952,0.03418291572296777,-7.230224043272254,3.1400464049173578
578.35000000000002,0.96507188579725933,0.00072674458502845708,0.03420136961771221,-7.2269354694942827,3.1386181954722532
578.42499999999995,0.96505096989766503,0.00072914538553964172,0.034219884716795324,-7.2236374143721553,3.1371858683317004
578.5,0.96502997774074439,0.00073156105535026694,0.034238461203905335,-7.2203298750264642,3.1357494222451892
578.57500000000005,0.96500890904425529,0.00073399169176194636,0.034257099263982758,-7.217012848539234,3.1343088559454579
578.64999999999998,0.96498776352390059,0.00073643739287551624,0.034275799083223896,-7.213686331953828,3.1328641681484566
578.72500000000002,0.96496654089331146,0.00073889825759812966,0.034294560849090411,-7.2103503222748619,3.1314153575533057
578.79999999999995,0.96494524086402966,0.00074137438565043188,0.034313384750319906,-7.2070048164681015,3.1299624228422545
578.875,0.96492386314550094,0.00074386587757382916,0.034332270976925233,-7.2036498114603331,3.128505362680623
578.95000000000005,0.96490240744505174,0.00074637283473771529,0.034351219720210546,-7.2002853041393893,3.1270441757168137
579.02499999999998,0.96488087346787921,0.0007488953593469159,0.03437023117277388,-7.1969112913539819,3.1255788605822405
579.10000000000002,0.96485926091703367,0.00075143355444915057,0.034389305528517183,-7.1935277699136115,3.1241094158912861
579.17499999999995,0.96483756949340704,0.00075398752394256145,0.034408442982650396,-7.1901347365884893,3.1226358402412719
579.25,0.96481579889571056,0.00075655737258334367,0.034427643731706092,-7.1867321881094268,3.1211581322124067
579.32500000000005,0.96479394882046798,0.00075914320599338066,0.034446907973538637,-7.1833201211678182,3.1196762903677815
579.39999999999998,0.9647720189619915,0.00076174513066808527,0.034466235907340416,-7.1798985324154598,3.1181903132532898
579.47500000000002,0.9647500090123724,0.00076436325398422775,0.034485627733643373,-7.1764674184644859,3.1167001993976009
579.54999999999995,0.96472791866146146,0.00076699768420785829,0.034505083654330679,-7.1730267758872888,3.1152059473121225
579.625,0.96470574759685246,0.00076964853050234057,0.0345246038726452,-7.1695766012163986,3.1137075554909526
579.70000000000005,0.96468349550386945,0.00077231590293641052,0.034544188593194192,-7.1661168909444379,3.1122050224108562
579.77499999999998,0.96466116206554464,0.00077499991249240733,0.034563838021962952,-7.1626476415239564,3.110698346531195
579.85000000000002,0.96463874696260865,0.00077770067107452655,0.034583552366316828,-7.1591688493673535,3.1091875262938942
579.92499999999995,0.96461624987346739,0.00078041829151711769,0.034603331835015488,-7.1556805108468442,3.1076725601234263
580,0.96459367047419076,0.00078315288759318955,0.034623176638216055,-7.1521826222942719,3.1061534464267315
